cnty_fips,display_name,state,minimum,Maximum
2013,Aleutians East, AK,21533,36976
2016,Aleutians West, AK,5293,17395
2020,Anchorage, AK,5293,17395
2050,Bethel, AK,21533,36976
2060,Bristol Bay, AK,5293,17395
2068,Denali, AK,5293,17395
2070,Dillingham, AK,21533,36976
2090,Fairbanks North Star, AK,5293,17395
2100,Haines, AK,21533,36976
2105,Hoonah-Angoon, AK,21533,36976
2110,Juneau, AK,5293,17395
2122,Kenai Peninsula, AK,17395,18752
2130,Ketchikan Gateway, AK,21533,36976
2150,Kodiak Island, AK,17395,18752
2164,Lake and Peninsula, AK,21533,36976
2170,Matanuska-Susitna, AK,5293,17395
2180,Nome, AK,21533,36976
2185,North Slope, AK,21533,36976
2188,Northwest Arctic, AK,18752,20004
2195,Petersburg, AK,20004,21533
2198,Prince of Wales-Hyder, AK,21533,36976
2220,Sitka, AK,21533,36976
2230,Skagway, AK,21533,36976
2240,Southeast Fairbanks, AK,5293,17395
2261,Valdez-Cordova, AK,20004,21533
2158,Kusilvak, AK,20004,21533
2275,Wrangell, AK,21533,36976
2282,Yakutat, AK,5293,17395
2290,Yukon-Koyukuk, AK,5293,17395
6001,Alameda, CA,20004,21533
6005,Amador, CA,5293,17395
6007,Butte, CA,20004,21533
6009,Calaveras, CA,17395,18752
6011,Colusa, CA,17395,18752
6013,Contra Costa, CA,18752,20004
6015,Del Norte, CA,5293,17395
6017,El Dorado, CA,5293,17395
6021,Glenn, CA,18752,20004
6023,Humboldt, CA,5293,17395
6031,Kings, CA,5293,17395
6033,Lake, CA,21533,36976
6035,Lassen, CA,17395,18752
6041,Marin, CA,5293,17395
6043,Mariposa, CA,5293,17395
6045,Mendocino, CA,18752,20004
6047,Merced, CA,17395,18752
6049,Modoc, CA,5293,17395
6053,Monterey, CA,17395,18752
6055,Napa, CA,5293,17395
6057,Nevada, CA,5293,17395
6061,Placer, CA,5293,17395
6063,Plumas, CA,17395,18752
6067,Sacramento, CA,18752,20004
6069,San Benito, CA,17395,18752
6075,San Francisco, CA,18752,20004
6077,San Joaquin, CA,17395,18752
6079,San Luis Obispo, CA,5293,17395
6081,San Mateo, CA,5293,17395
6083,Santa Barbara, CA,5293,17395
6085,Santa Clara, CA,17395,18752
6087,Santa Cruz, CA,5293,17395
6089,Shasta, CA,17395,18752
6091,Sierra, CA,17395,18752
6093,Siskiyou, CA,5293,17395
6095,Solano, CA,20004,21533
6097,Sonoma, CA,5293,17395
6099,Stanislaus, CA,17395,18752
6101,Sutter, CA,5293,17395
6103,Tehama, CA,5293,17395
6105,Trinity, CA,17395,18752
6109,Tuolumne, CA,17395,18752
6113,Yolo, CA,5293,17395
6115,Yuba, CA,17395,18752
15001,Hawaii, HI,5293,17395
15003,Honolulu, HI,5293,17395
15005,Kalawao, HI,,
15007,Kauai, HI,5293,17395
15009,Maui, HI,5293,17395
41003,Benton, OR,5293,17395
41005,Clackamas, OR,17395,18752
41007,Clatsop, OR,20004,21533
41009,Columbia, OR,5293,17395
41011,Coos, OR,5293,17395
41013,Crook, OR,5293,17395
41015,Curry, OR,5293,17395
41017,Deschutes, OR,5293,17395
41019,Douglas, OR,5293,17395
41021,Gilliam, OR,5293,17395
41027,Hood River, OR,5293,17395
41029,Jackson, OR,5293,17395
41031,Jefferson, OR,5293,17395
41033,Josephine, OR,5293,17395
41035,Klamath, OR,5293,17395
41037,Lake, OR,5293,17395
41039,Lane, OR,5293,17395
41041,Lincoln, OR,5293,17395
41043,Linn, OR,17395,18752
41047,Marion, OR,5293,17395
41051,Multnomah, OR,18752,20004
41053,Polk, OR,5293,17395
41055,Sherman, OR,18752,20004
41057,Tillamook, OR,18752,20004
41065,Wasco, OR,5293,17395
41067,Washington, OR,17395,18752
41069,Wheeler, OR,5293,17395
41071,Yamhill, OR,5293,17395
53007,Chelan, WA,5293,17395
53009,Clallam, WA,5293,17395
53011,Clark, WA,17395,18752
53015,Cowlitz, WA,17395,18752
53027,Grays Harbor, WA,17395,18752
53029,Island, WA,5293,17395
53031,Jefferson, WA,5293,17395
53033,King, WA,17395,18752
53035,Kitsap, WA,5293,17395
53037,Kittitas, WA,5293,17395
53039,Klickitat, WA,18752,20004
53041,Lewis, WA,17395,18752
53045,Mason, WA,5293,17395
53047,Okanogan, WA,18752,20004
53049,Pacific, WA,18752,20004
53053,Pierce, WA,17395,18752
53055,San Juan, WA,17395,18752
53057,Skagit, WA,17395,18752
53059,Skamania, WA,17395,18752
53061,Snohomish, WA,17395,18752
53067,Thurston, WA,5293,17395
53069,Wahkiakum, WA,5293,17395
53073,Whatcom, WA,5293,17395
53077,Yakima, WA,17395,18752
4001,Apache, AZ,21533,36976
4003,Cochise, AZ,17395,18752
4005,Coconino, AZ,17395,18752
4007,Gila, AZ,20004,21533
4009,Graham, AZ,5293,17395
4011,Greenlee, AZ,18752,20004
4012,La Paz, AZ,18752,20004
4013,Maricopa, AZ,18752,20004
4015,Mohave, AZ,17395,18752
4017,Navajo, AZ,18752,20004
4019,Pima, AZ,5293,17395
4021,Pinal, AZ,18752,20004
4023,Santa Cruz, AZ,5293,17395
4025,Yavapai, AZ,5293,17395
4027,Yuma, AZ,18752,20004
6003,Alpine, CA,5293,17395
6019,Fresno, CA,17395,18752
6025,Imperial, CA,21533,36976
6027,Inyo, CA,21533,36976
6029,Kern, CA,18752,20004
6037,Los Angeles, CA,21533,36976
6039,Madera, CA,5293,17395
6051,Mono, CA,5293,17395
6059,Orange, CA,20004,21533
6065,Riverside, CA,20004,21533
6071,San Bernardino, CA,21533,36976
6073,San Diego, CA,20004,21533
6107,Tulare, CA,5293,17395
6111,Ventura, CA,18752,20004
8007,Archuleta, CO,5293,17395
8029,Delta, CO,5293,17395
8033,Dolores, CO,5293,17395
8045,Garfield, CO,17395,18752
8051,Gunnison, CO,18752,20004
8053,Hinsdale, CO,5293,17395
8067,La Plata, CO,5293,17395
8077,Mesa, CO,5293,17395
8079,Mineral, CO,5293,17395
8081,Moffat, CO,21533,36976
8083,Montezuma, CO,5293,17395
8085,Montrose, CO,5293,17395
8091,Ouray, CO,5293,17395
8097,Pitkin, CO,17395,18752
8103,Rio Blanco, CO,21533,36976
8107,Routt, CO,5293,17395
8111,San Juan, CO,5293,17395
8113,San Miguel, CO,5293,17395
16001,Ada, ID,17395,18752
16005,Bannock, ID,20004,21533
16007,Bear Lake, ID,18752,20004
16011,Bingham, ID,21533,36976
16013,Blaine, ID,5293,17395
16015,Boise, ID,5293,17395
16019,Bonneville, ID,18752,20004
16023,Butte, ID,21533,36976
16025,Camas, ID,18752,20004
16027,Canyon, ID,18752,20004
16029,Caribou, ID,21533,36976
16031,Cassia, ID,5293,17395
16033,Clark, ID,5293,17395
16037,Custer, ID,17395,18752
16039,Elmore, ID,18752,20004
16041,Franklin, ID,5293,17395
16043,Fremont, ID,5293,17395
16045,Gem, ID,5293,17395
16047,Gooding, ID,21533,36976
16051,Jefferson, ID,5293,17395
16053,Jerome, ID,18752,20004
16063,Lincoln, ID,5293,17395
16065,Madison, ID,5293,17395
16067,Minidoka, ID,20004,21533
16071,Oneida, ID,18752,20004
16073,Owyhee, ID,5293,17395
16075,Payette, ID,5293,17395
16077,Power, ID,5293,17395
16081,Teton, ID,17395,18752
16083,Twin Falls, ID,20004,21533
16087,Washington, ID,17395,18752
32001,Churchill, NV,17395,18752
32003,Clark, NV,21533,36976
32005,Douglas, NV,18752,20004
32007,Elko, NV,5293,17395
32009,Esmeralda, NV,21533,36976
32011,Eureka, NV,21533,36976
32013,Humboldt, NV,20004,21533
32015,Lander, NV,5293,17395
32017,Lincoln, NV,5293,17395
32019,Lyon, NV,17395,18752
32021,Mineral, NV,21533,36976
32023,Nye, NV,20004,21533
32027,Pershing, NV,21533,36976
32029,Storey, NV,5293,17395
32031,Washoe, NV,17395,18752
32033,White Pine, NV,20004,21533
32510,Carson City, NV,17395,18752
35003,Catron, NM,17395,18752
35006,Cibola, NM,17395,18752
35013,DoÃ±a Ana, NM,18752,20004
35017,Grant, NM,5293,17395
35023,Hidalgo, NM,18752,20004
35029,Luna, NM,20004,21533
35031,McKinley, NM,20004,21533
35043,Sandoval, NM,5293,17395
35045,San Juan, NM,17395,18752
35051,Sierra, NM,18752,20004
35053,Socorro, NM,5293,17395
35061,Valencia, NM,5293,17395
41023,Grant, OR,18752,20004
41025,Harney, OR,5293,17395
41045,Malheur, OR,17395,18752
49001,Beaver, UT,20004,21533
49003,Box Elder, UT,5293,17395
49005,Cache, UT,18752,20004
49007,Carbon, UT,17395,18752
49009,Daggett, UT,5293,17395
49011,Davis, UT,17395,18752
49013,Duchesne, UT,5293,17395
49015,Emery, UT,5293,17395
49017,Garfield, UT,21533,36976
49019,Grand, UT,18752,20004
49021,Iron, UT,5293,17395
49023,Juab, UT,21533,36976
49025,Kane, UT,5293,17395
49027,Millard, UT,17395,18752
49029,Morgan, UT,17395,18752
49031,Piute, UT,18752,20004
49033,Rich, UT,18752,20004
49035,Salt Lake, UT,17395,18752
49037,San Juan, UT,21533,36976
49039,Sanpete, UT,5293,17395
49041,Sevier, UT,5293,17395
49043,Summit, UT,5293,17395
49045,Tooele, UT,20004,21533
49047,Uintah, UT,17395,18752
49049,Utah, UT,17395,18752
49051,Wasatch, UT,5293,17395
49053,Washington, UT,5293,17395
49055,Wayne, UT,5293,17395
49057,Weber, UT,17395,18752
56003,Big Horn, WY,18752,20004
56007,Carbon, WY,18752,20004
56013,Fremont, WY,17395,18752
56017,Hot Springs, WY,18752,20004
56023,Lincoln, WY,17395,18752
56025,Natrona, WY,17395,18752
56029,Park, WY,18752,20004
56035,Sublette, WY,5293,17395
56037,Sweetwater, WY,18752,20004
56039,Teton, WY,5293,17395
56041,Uinta, WY,5293,17395
56043,Washakie, WY,21533,36976
22031,De Soto, LA,21533,36976
48001,Anderson, TX,21533,36976
48005,Angelina, TX,20004,21533
48007,Aransas, TX,18752,20004
48013,Atascosa, TX,20004,21533
48015,Austin, TX,20004,21533
48019,Bandera, TX,5293,17395
48021,Bastrop, TX,20004,21533
48025,Bee, TX,21533,36976
48027,Bell, TX,20004,21533
48029,Bexar, TX,20004,21533
48031,Blanco, TX,5293,17395
48035,Bosque, TX,17395,18752
48039,Brazoria, TX,21533,36976
48041,Brazos, TX,20004,21533
48043,Brewster, TX,18752,20004
48047,Brooks, TX,21533,36976
48049,Brown, TX,21533,36976
48051,Burleson, TX,21533,36976
48053,Burnet, TX,20004,21533
48055,Caldwell, TX,21533,36976
48057,Calhoun, TX,21533,36976
48061,Cameron, TX,21533,36976
48071,Chambers, TX,21533,36976
48073,Cherokee, TX,21533,36976
48081,Coke, TX,18752,20004
48083,Coleman, TX,21533,36976
48089,Colorado, TX,21533,36976
48091,Comal, TX,17395,18752
48093,Comanche, TX,21533,36976
48095,Concho, TX,20004,21533
48099,Coryell, TX,21533,36976
48103,Crane, TX,21533,36976
48105,Crockett, TX,21533,36976
48109,Culberson, TX,21533,36976
48123,DeWitt, TX,20004,21533
48127,Dimmit, TX,21533,36976
48131,Duval, TX,21533,36976
48135,Ector, TX,20004,21533
48137,Edwards, TX,18752,20004
48141,El Paso, TX,21533,36976
48145,Falls, TX,21533,36976
48149,Fayette, TX,18752,20004
48157,Fort Bend, TX,21533,36976
48161,Freestone, TX,21533,36976
48163,Frio, TX,21533,36976
48167,Galveston, TX,21533,36976
48171,Gillespie, TX,5293,17395
48173,Glasscock, TX,20004,21533
48175,Goliad, TX,21533,36976
48177,Gonzales, TX,20004,21533
48185,Grimes, TX,21533,36976
48187,Guadalupe, TX,20004,21533
48193,Hamilton, TX,18752,20004
48199,Hardin, TX,18752,20004
48201,Harris, TX,21533,36976
48209,Hays, TX,18752,20004
48215,Hidalgo, TX,21533,36976
48217,Hill, TX,20004,21533
48225,Houston, TX,20004,21533
48229,Hudspeth, TX,18752,20004
48235,Irion, TX,18752,20004
48239,Jackson, TX,21533,36976
48241,Jasper, TX,20004,21533
48243,Jeff Davis, TX,5293,17395
48245,Jefferson, TX,21533,36976
48247,Jim Hogg, TX,21533,36976
48249,Jim Wells, TX,21533,36976
48255,Karnes, TX,21533,36976
48259,Kendall, TX,5293,17395
48261,Kenedy, TX,,
48265,Kerr, TX,18752,20004
48267,Kimble, TX,21533,36976
48271,Kinney, TX,18752,20004
48273,Kleberg, TX,21533,36976
48281,Lampasas, TX,20004,21533
48283,La Salle, TX,21533,36976
48285,Lavaca, TX,21533,36976
48287,Lee, TX,20004,21533
48289,Leon, TX,20004,21533
48291,Liberty, TX,21533,36976
48293,Limestone, TX,21533,36976
48297,Live Oak, TX,21533,36976
48299,Llano, TX,18752,20004
48301,Loving, TX,,
48307,McCulloch, TX,21533,36976
48309,McLennan, TX,20004,21533
48311,McMullen, TX,5293,17395
48313,Madison, TX,21533,36976
48319,Mason, TX,5293,17395
48321,Matagorda, TX,20004,21533
48323,Maverick, TX,21533,36976
48325,Medina, TX,20004,21533
48327,Menard, TX,17395,18752
48329,Midland, TX,17395,18752
48331,Milam, TX,21533,36976
48333,Mills, TX,21533,36976
48339,Montgomery, TX,21533,36976
48347,Nacogdoches, TX,21533,36976
48349,Navarro, TX,21533,36976
48351,Newton, TX,21533,36976
48355,Nueces, TX,21533,36976
48361,Orange, TX,20004,21533
48371,Pecos, TX,21533,36976
48373,Polk, TX,20004,21533
48377,Presidio, TX,20004,21533
48383,Reagan, TX,21533,36976
48385,Real, TX,21533,36976
48389,Reeves, TX,20004,21533
48391,Refugio, TX,21533,36976
48395,Robertson, TX,21533,36976
48399,Runnels, TX,21533,36976
48403,Sabine, TX,20004,21533
48405,San Augustine, TX,21533,36976
48407,San Jacinto, TX,21533,36976
48409,San Patricio, TX,21533,36976
48411,San Saba, TX,21533,36976
48413,Schleicher, TX,21533,36976
48419,Shelby, TX,20004,21533
48427,Starr, TX,21533,36976
48431,Sterling, TX,5293,17395
48435,Sutton, TX,17395,18752
48443,Terrell, TX,5293,17395
48451,Tom Green, TX,20004,21533
48453,Travis, TX,18752,20004
48455,Trinity, TX,21533,36976
48457,Tyler, TX,20004,21533
48461,Upton, TX,21533,36976
48463,Uvalde, TX,21533,36976
48465,Val Verde, TX,20004,21533
48469,Victoria, TX,21533,36976
48471,Walker, TX,21533,36976
48473,Waller, TX,21533,36976
48475,Ward, TX,20004,21533
48477,Washington, TX,20004,21533
48479,Webb, TX,21533,36976
48481,Wharton, TX,21533,36976
48489,Willacy, TX,18752,20004
48491,Williamson, TX,18752,20004
48493,Wilson, TX,17395,18752
48495,Winkler, TX,21533,36976
48505,Zapata, TX,20004,21533
48507,Zavala, TX,21533,36976
5007,Benton, AR,5293,17395
5033,Crawford, AR,20004,21533
5047,Franklin, AR,18752,20004
5057,Hempstead, AR,18752,20004
5061,Howard, AR,21533,36976
5081,Little River, AR,21533,36976
5083,Logan, AR,21533,36976
5087,Madison, AR,17395,18752
5091,Miller, AR,20004,21533
5113,Polk, AR,17395,18752
5127,Scott, AR,17395,18752
5131,Sebastian, AR,20004,21533
5133,Sevier, AR,20004,21533
5143,Washington, AR,18752,20004
8001,Adams, CO,20004,21533
8003,Alamosa, CO,18752,20004
8005,Arapahoe, CO,20004,21533
8009,Baca, CO,21533,36976
8011,Bent, CO,17395,18752
8013,Boulder, CO,5293,17395
8014,Broomfield, CO,17395,18752
8015,Chaffee, CO,17395,18752
8017,Cheyenne, CO,5293,17395
8019,Clear Creek, CO,20004,21533
8021,Conejos, CO,21533,36976
8023,Costilla, CO,5293,17395
8025,Crowley, CO,18752,20004
8027,Custer, CO,5293,17395
8031,Denver, CO,20004,21533
8035,Douglas, CO,17395,18752
8037,Eagle, CO,5293,17395
8039,Elbert, CO,17395,18752
8041,El Paso, CO,5293,17395
8043,Fremont, CO,5293,17395
8047,Gilpin, CO,17395,18752
8049,Grand, CO,5293,17395
8055,Huerfano, CO,5293,17395
8057,Jackson, CO,17395,18752
8059,Jefferson, CO,17395,18752
8061,Kiowa, CO,21533,36976
8063,Kit Carson, CO,21533,36976
8065,Lake, CO,21533,36976
8069,Larimer, CO,17395,18752
8071,Las Animas, CO,20004,21533
8073,Lincoln, CO,18752,20004
8075,Logan, CO,20004,21533
8087,Morgan, CO,20004,21533
8089,Otero, CO,18752,20004
8093,Park, CO,5293,17395
8095,Phillips, CO,21533,36976
8099,Prowers, CO,20004,21533
8101,Pueblo, CO,18752,20004
8105,Rio Grande, CO,18752,20004
8109,Saguache, CO,18752,20004
8115,Sedgwick, CO,21533,36976
8117,Summit, CO,5293,17395
8119,Teller, CO,5293,17395
8121,Washington, CO,5293,17395
8123,Weld, CO,18752,20004
8125,Yuma, CO,17395,18752
19001,Adair, IA,18752,20004
19003,Adams, IA,21533,36976
19009,Audubon, IA,18752,20004
19015,Boone, IA,17395,18752
19021,Buena Vista, IA,5293,17395
19025,Calhoun, IA,5293,17395
19027,Carroll, IA,5293,17395
19029,Cass, IA,20004,21533
19035,Cherokee, IA,17395,18752
19039,Clarke, IA,20004,21533
19041,Clay, IA,5293,17395
19047,Crawford, IA,17395,18752
19049,Dallas, IA,5293,17395
19053,Decatur, IA,5293,17395
19059,Dickinson, IA,5293,17395
19063,Emmet, IA,17395,18752
19071,Fremont, IA,21533,36976
19073,Greene, IA,17395,18752
19077,Guthrie, IA,5293,17395
19079,Hamilton, IA,5293,17395
19081,Hancock, IA,20004,21533
19085,Harrison, IA,20004,21533
19091,Humboldt, IA,17395,18752
19093,Ida, IA,20004,21533
19109,Kossuth, IA,17395,18752
19119,Lyon, IA,20004,21533
19121,Madison, IA,5293,17395
19129,Mills, IA,17395,18752
19133,Monona, IA,20004,21533
19137,Montgomery, IA,20004,21533
19141,O'Brien, IA,18752,20004
19143,Osceola, IA,5293,17395
19145,Page, IA,21533,36976
19147,Palo Alto, IA,17395,18752
19149,Plymouth, IA,5293,17395
19151,Pocahontas, IA,17395,18752
19155,Pottawattamie, IA,17395,18752
19159,Ringgold, IA,20004,21533
19161,Sac, IA,5293,17395
19165,Shelby, IA,18752,20004
19167,Sioux, IA,18752,20004
19173,Taylor, IA,20004,21533
19175,Union, IA,5293,17395
19187,Webster, IA,5293,17395
19189,Winnebago, IA,20004,21533
19193,Woodbury, IA,17395,18752
19197,Wright, IA,17395,18752
20001,Allen, KS,21533,36976
20003,Anderson, KS,20004,21533
20005,Atchison, KS,21533,36976
20007,Barber, KS,21533,36976
20009,Barton, KS,18752,20004
20011,Bourbon, KS,18752,20004
20013,Brown, KS,21533,36976
20015,Butler, KS,5293,17395
20017,Chase, KS,20004,21533
20019,Chautauqua, KS,17395,18752
20021,Cherokee, KS,21533,36976
20023,Cheyenne, KS,21533,36976
20025,Clark, KS,21533,36976
20027,Clay, KS,21533,36976
20029,Cloud, KS,5293,17395
20031,Coffey, KS,18752,20004
20033,Comanche, KS,21533,36976
20035,Cowley, KS,5293,17395
20037,Crawford, KS,18752,20004
20039,Decatur, KS,21533,36976
20041,Dickinson, KS,20004,21533
20043,Doniphan, KS,18752,20004
20045,Douglas, KS,5293,17395
20047,Edwards, KS,21533,36976
20049,Elk, KS,18752,20004
20051,Ellis, KS,18752,20004
20053,Ellsworth, KS,21533,36976
20055,Finney, KS,17395,18752
20057,Ford, KS,17395,18752
20059,Franklin, KS,18752,20004
20061,Geary, KS,17395,18752
20063,Gove, KS,21533,36976
20065,Graham, KS,21533,36976
20067,Grant, KS,5293,17395
20069,Gray, KS,5293,17395
20071,Greeley, KS,21533,36976
20073,Greenwood, KS,21533,36976
20075,Hamilton, KS,18752,20004
20077,Harper, KS,21533,36976
20079,Harvey, KS,5293,17395
20081,Haskell, KS,5293,17395
20083,Hodgeman, KS,20004,21533
20085,Jackson, KS,21533,36976
20087,Jefferson, KS,17395,18752
20089,Jewell, KS,21533,36976
20091,Johnson, KS,17395,18752
20093,Kearny, KS,20004,21533
20095,Kingman, KS,18752,20004
20097,Kiowa, KS,21533,36976
20099,Labette, KS,17395,18752
20101,Lane, KS,18752,20004
20103,Leavenworth, KS,20004,21533
20105,Lincoln, KS,21533,36976
20107,Linn, KS,17395,18752
20109,Logan, KS,21533,36976
20111,Lyon, KS,21533,36976
20113,McPherson, KS,5293,17395
20115,Marion, KS,17395,18752
20117,Marshall, KS,17395,18752
20119,Meade, KS,20004,21533
20121,Miami, KS,18752,20004
20123,Mitchell, KS,17395,18752
20125,Montgomery, KS,18752,20004
20127,Morris, KS,21533,36976
20129,Morton, KS,21533,36976
20131,Nemaha, KS,20004,21533
20133,Neosho, KS,21533,36976
20135,Ness, KS,5293,17395
20137,Norton, KS,5293,17395
20139,Osage, KS,17395,18752
20141,Osborne, KS,5293,17395
20143,Ottawa, KS,21533,36976
20145,Pawnee, KS,21533,36976
20147,Phillips, KS,20004,21533
20149,Pottawatomie, KS,17395,18752
20151,Pratt, KS,21533,36976
20153,Rawlins, KS,21533,36976
20155,Reno, KS,17395,18752
20157,Republic, KS,18752,20004
20159,Rice, KS,20004,21533
20161,Riley, KS,17395,18752
20163,Rooks, KS,21533,36976
20165,Rush, KS,21533,36976
20167,Russell, KS,21533,36976
20169,Saline, KS,17395,18752
20171,Scott, KS,21533,36976
20173,Sedgwick, KS,17395,18752
20175,Seward, KS,17395,18752
20177,Shawnee, KS,20004,21533
20179,Sheridan, KS,20004,21533
20181,Sherman, KS,21533,36976
20183,Smith, KS,21533,36976
20185,Stafford, KS,21533,36976
20187,Stanton, KS,21533,36976
20189,Stevens, KS,5293,17395
20191,Sumner, KS,5293,17395
20193,Thomas, KS,21533,36976
20195,Trego, KS,21533,36976
20197,Wabaunsee, KS,20004,21533
20199,Wallace, KS,21533,36976
20201,Washington, KS,18752,20004
20203,Wichita, KS,21533,36976
20205,Wilson, KS,18752,20004
20207,Woodson, KS,21533,36976
20209,Wyandotte, KS,21533,36976
22017,Caddo, LA,21533,36976
27013,Blue Earth, MN,17395,18752
27015,Brown, MN,18752,20004
27033,Cottonwood, MN,20004,21533
27043,Faribault, MN,17395,18752
27063,Jackson, MN,5293,17395
27079,Le Sueur, MN,18752,20004
27081,Lincoln, MN,21533,36976
27083,Lyon, MN,18752,20004
27091,Martin, MN,18752,20004
27101,Murray, MN,20004,21533
27103,Nicollet, MN,5293,17395
27105,Nobles, MN,17395,18752
27117,Pipestone, MN,5293,17395
27127,Redwood, MN,20004,21533
27133,Rock, MN,18752,20004
27143,Sibley, MN,20004,21533
27165,Watonwan, MN,20004,21533
29003,Andrew, MO,17395,18752
29005,Atchison, MO,18752,20004
29009,Barry, MO,18752,20004
29011,Barton, MO,21533,36976
29013,Bates, MO,20004,21533
29021,Buchanan, MO,18752,20004
29025,Caldwell, MO,20004,21533
29037,Cass, MO,20004,21533
29039,Cedar, MO,17395,18752
29047,Clay, MO,18752,20004
29049,Clinton, MO,20004,21533
29057,Dade, MO,21533,36976
29061,Daviess, MO,20004,21533
29063,DeKalb, MO,18752,20004
29075,Gentry, MO,20004,21533
29081,Harrison, MO,21533,36976
29083,Henry, MO,20004,21533
29087,Holt, MO,18752,20004
29095,Jackson, MO,21533,36976
29097,Jasper, MO,18752,20004
29101,Johnson, MO,18752,20004
29107,Lafayette, MO,21533,36976
29109,Lawrence, MO,20004,21533
29119,McDonald, MO,20004,21533
29145,Newton, MO,20004,21533
29147,Nodaway, MO,17395,18752
29165,Platte, MO,17395,18752
29177,Ray, MO,20004,21533
29185,St. Clair, MO,20004,21533
29217,Vernon, MO,20004,21533
29227,Worth, MO,5293,17395
31001,Adams, NE,17395,18752
31003,Antelope, NE,20004,21533
31005,Arthur, NE,5293,17395
31007,Banner, NE,21533,36976
31009,Blaine, NE,21533,36976
31011,Boone, NE,18752,20004
31013,Box Butte, NE,21533,36976
31015,Boyd, NE,17395,18752
31017,Brown, NE,20004,21533
31019,Buffalo, NE,17395,18752
31021,Burt, NE,18752,20004
31023,Butler, NE,17395,18752
31025,Cass, NE,5293,17395
31027,Cedar, NE,17395,18752
31029,Chase, NE,21533,36976
31031,Cherry, NE,18752,20004
31033,Cheyenne, NE,21533,36976
31035,Clay, NE,17395,18752
31037,Colfax, NE,5293,17395
31039,Cuming, NE,20004,21533
31041,Custer, NE,18752,20004
31043,Dakota, NE,20004,21533
31045,Dawes, NE,5293,17395
31047,Dawson, NE,20004,21533
31049,Deuel, NE,20004,21533
31051,Dixon, NE,5293,17395
31053,Dodge, NE,18752,20004
31055,Douglas, NE,18752,20004
31057,Dundy, NE,21533,36976
31059,Fillmore, NE,20004,21533
31061,Franklin, NE,20004,21533
31063,Frontier, NE,5293,17395
31065,Furnas, NE,21533,36976
31067,Gage, NE,18752,20004
31069,Garden, NE,21533,36976
31071,Garfield, NE,5293,17395
31073,Gosper, NE,21533,36976
31075,Grant, NE,18752,20004
31077,Greeley, NE,21533,36976
31079,Hall, NE,17395,18752
31081,Hamilton, NE,18752,20004
31083,Harlan, NE,21533,36976
31085,Hayes, NE,20004,21533
31087,Hitchcock, NE,20004,21533
31089,Holt, NE,20004,21533
31091,Hooker, NE,5293,17395
31093,Howard, NE,5293,17395
31095,Jefferson, NE,5293,17395
31097,Johnson, NE,18752,20004
31099,Kearney, NE,21533,36976
31101,Keith, NE,21533,36976
31103,Keya Paha, NE,5293,17395
31105,Kimball, NE,17395,18752
31107,Knox, NE,5293,17395
31109,Lancaster, NE,17395,18752
31111,Lincoln, NE,20004,21533
31113,Logan, NE,5293,17395
31115,Loup, NE,5293,17395
31117,McPherson, NE,5293,17395
31119,Madison, NE,17395,18752
31121,Merrick, NE,17395,18752
31123,Morrill, NE,21533,36976
31125,Nance, NE,20004,21533
31127,Nemaha, NE,21533,36976
31129,Nuckolls, NE,21533,36976
31131,Otoe, NE,21533,36976
31133,Pawnee, NE,5293,17395
31135,Perkins, NE,20004,21533
31137,Phelps, NE,20004,21533
31139,Pierce, NE,21533,36976
31141,Platte, NE,18752,20004
31143,Polk, NE,18752,20004
31145,Red Willow, NE,18752,20004
31147,Richardson, NE,20004,21533
31149,Rock, NE,20004,21533
31151,Saline, NE,17395,18752
31153,Sarpy, NE,17395,18752
31155,Saunders, NE,20004,21533
31157,Scotts Bluff, NE,18752,20004
31159,Seward, NE,18752,20004
31161,Sheridan, NE,20004,21533
31163,Sherman, NE,21533,36976
31165,Sioux, NE,17395,18752
31167,Stanton, NE,5293,17395
31169,Thayer, NE,21533,36976
31171,Thomas, NE,5293,17395
31173,Thurston, NE,21533,36976
31175,Valley, NE,18752,20004
31177,Washington, NE,17395,18752
31179,Wayne, NE,21533,36976
31181,Webster, NE,20004,21533
31183,Wheeler, NE,5293,17395
31185,York, NE,5293,17395
35001,Bernalillo, NM,17395,18752
35005,Chaves, NM,18752,20004
35007,Colfax, NM,5293,17395
35009,Curry, NM,17395,18752
35011,De Baca, NM,5293,17395
35015,Eddy, NM,18752,20004
35019,Guadalupe, NM,5293,17395
35021,Harding, NM,5293,17395
35025,Lea, NM,20004,21533
35027,Lincoln, NM,17395,18752
35028,Los Alamos, NM,5293,17395
35033,Mora, NM,5293,17395
35035,Otero, NM,5293,17395
35037,Quay, NM,17395,18752
35039,Rio Arriba, NM,17395,18752
35041,Roosevelt, NM,18752,20004
35047,San Miguel, NM,17395,18752
35049,Santa Fe, NM,5293,17395
35055,Taos, NM,5293,17395
35057,Torrance, NM,5293,17395
35059,Union, NM,21533,36976
40001,Adair, OK,21533,36976
40003,Alfalfa, OK,18752,20004
40005,Atoka, OK,21533,36976
40007,Beaver, OK,20004,21533
40009,Beckham, OK,17395,18752
40011,Blaine, OK,21533,36976
40013,Bryan, OK,21533,36976
40015,Caddo, OK,21533,36976
40017,Canadian, OK,17395,18752
40019,Carter, OK,20004,21533
40021,Cherokee, OK,21533,36976
40023,Choctaw, OK,21533,36976
40025,Cimarron, OK,21533,36976
40027,Cleveland, OK,18752,20004
40029,Coal, OK,21533,36976
40031,Comanche, OK,17395,18752
40033,Cotton, OK,20004,21533
40035,Craig, OK,20004,21533
40037,Creek, OK,20004,21533
40039,Custer, OK,17395,18752
40041,Delaware, OK,20004,21533
40043,Dewey, OK,20004,21533
40045,Ellis, OK,5293,17395
40047,Garfield, OK,17395,18752
40049,Garvin, OK,20004,21533
40051,Grady, OK,18752,20004
40053,Grant, OK,18752,20004
40055,Greer, OK,20004,21533
40057,Harmon, OK,21533,36976
40059,Harper, OK,5293,17395
40061,Haskell, OK,21533,36976
40063,Hughes, OK,20004,21533
40065,Jackson, OK,20004,21533
40067,Jefferson, OK,21533,36976
40069,Johnston, OK,21533,36976
40071,Kay, OK,18752,20004
40073,Kingfisher, OK,21533,36976
40075,Kiowa, OK,17395,18752
40077,Latimer, OK,21533,36976
40079,Le Flore, OK,21533,36976
40081,Lincoln, OK,20004,21533
40083,Logan, OK,18752,20004
40085,Love, OK,21533,36976
40087,McClain, OK,18752,20004
40089,McCurtain, OK,20004,21533
40091,McIntosh, OK,18752,20004
40093,Major, OK,17395,18752
40095,Marshall, OK,21533,36976
40097,Mayes, OK,21533,36976
40099,Murray, OK,21533,36976
40101,Muskogee, OK,21533,36976
40103,Noble, OK,5293,17395
40105,Nowata, OK,21533,36976
40107,Okfuskee, OK,18752,20004
40109,Oklahoma, OK,18752,20004
40111,Okmulgee, OK,21533,36976
40113,Osage, OK,21533,36976
40115,Ottawa, OK,18752,20004
40117,Pawnee, OK,21533,36976
40119,Payne, OK,18752,20004
40121,Pittsburg, OK,18752,20004
40123,Pontotoc, OK,18752,20004
40125,Pottawatomie, OK,20004,21533
40127,Pushmataha, OK,20004,21533
40129,Roger Mills, OK,5293,17395
40131,Rogers, OK,20004,21533
40133,Seminole, OK,21533,36976
40135,Sequoyah, OK,21533,36976
40137,Stephens, OK,17395,18752
40139,Texas, OK,18752,20004
40141,Tillman, OK,21533,36976
40143,Tulsa, OK,21533,36976
40145,Wagoner, OK,21533,36976
40147,Washington, OK,5293,17395
40149,Washita, OK,18752,20004
40151,Woods, OK,5293,17395
40153,Woodward, OK,17395,18752
46003,Aurora, SD,5293,17395
46005,Beadle, SD,17395,18752
46007,Bennett, SD,21533,36976
46009,Bon Homme, SD,20004,21533
46011,Brookings, SD,5293,17395
46015,Brule, SD,17395,18752
46017,Buffalo, SD,21533,36976
46023,Charles Mix, SD,18752,20004
46027,Clay, SD,17395,18752
46033,Custer, SD,5293,17395
46035,Davison, SD,17395,18752
46043,Douglas, SD,17395,18752
46047,Fall River, SD,20004,21533
46053,Gregory, SD,21533,36976
46055,Haakon, SD,17395,18752
46059,Hand, SD,21533,36976
46061,Hanson, SD,5293,17395
46065,Hughes, SD,5293,17395
46067,Hutchinson, SD,21533,36976
46069,Hyde, SD,5293,17395
46071,Jackson, SD,21533,36976
46073,Jerauld, SD,21533,36976
46075,Jones, SD,5293,17395
46077,Kingsbury, SD,18752,20004
46079,Lake, SD,17395,18752
46081,Lawrence, SD,5293,17395
46083,Lincoln, SD,17395,18752
46085,Lyman, SD,5293,17395
46087,McCook, SD,20004,21533
46093,Meade, SD,17395,18752
46095,Mellette, SD,21533,36976
46097,Miner, SD,5293,17395
46099,Minnehaha, SD,17395,18752
46101,Moody, SD,5293,17395
46103,Pennington, SD,5293,17395
46111,Sanborn, SD,5293,17395
46102,Oglala Lakota, SD,21533,36976
46117,Stanley, SD,5293,17395
46121,Todd, SD,21533,36976
46123,Tripp, SD,18752,20004
46125,Turner, SD,5293,17395
46127,Union, SD,17395,18752
46135,Yankton, SD,5293,17395
48003,Andrews, TX,21533,36976
48009,Archer, TX,18752,20004
48011,Armstrong, TX,5293,17395
48017,Bailey, TX,20004,21533
48023,Baylor, TX,21533,36976
48033,Borden, TX,5293,17395
48037,Bowie, TX,21533,36976
48045,Briscoe, TX,18752,20004
48059,Callahan, TX,21533,36976
48063,Camp, TX,21533,36976
48065,Carson, TX,21533,36976
48067,Cass, TX,21533,36976
48069,Castro, TX,21533,36976
48075,Childress, TX,21533,36976
48077,Clay, TX,21533,36976
48079,Cochran, TX,5293,17395
48085,Collin, TX,20004,21533
48087,Collingsworth, TX,21533,36976
48097,Cooke, TX,21533,36976
48101,Cottle, TX,21533,36976
48107,Crosby, TX,21533,36976
48111,Dallam, TX,21533,36976
48113,Dallas, TX,21533,36976
48115,Dawson, TX,20004,21533
48117,Deaf Smith, TX,18752,20004
48119,Delta, TX,20004,21533
48121,Denton, TX,21533,36976
48125,Dickens, TX,21533,36976
48129,Donley, TX,21533,36976
48133,Eastland, TX,21533,36976
48139,Ellis, TX,21533,36976
48143,Erath, TX,20004,21533
48147,Fannin, TX,21533,36976
48151,Fisher, TX,20004,21533
48153,Floyd, TX,21533,36976
48155,Foard, TX,21533,36976
48159,Franklin, TX,20004,21533
48165,Gaines, TX,20004,21533
48169,Garza, TX,21533,36976
48179,Gray, TX,20004,21533
48181,Grayson, TX,21533,36976
48183,Gregg, TX,21533,36976
48189,Hale, TX,21533,36976
48191,Hall, TX,20004,21533
48195,Hansford, TX,17395,18752
48197,Hardeman, TX,21533,36976
48203,Harrison, TX,21533,36976
48205,Hartley, TX,21533,36976
48207,Haskell, TX,21533,36976
48211,Hemphill, TX,5293,17395
48213,Henderson, TX,21533,36976
48219,Hockley, TX,20004,21533
48221,Hood, TX,20004,21533
48223,Hopkins, TX,21533,36976
48227,Howard, TX,20004,21533
48231,Hunt, TX,21533,36976
48233,Hutchinson, TX,20004,21533
48237,Jack, TX,20004,21533
48251,Johnson, TX,21533,36976
48253,Jones, TX,21533,36976
48257,Kaufman, TX,21533,36976
48263,Kent, TX,20004,21533
48269,King, TX,,
48275,Knox, TX,21533,36976
48277,Lamar, TX,18752,20004
48279,Lamb, TX,17395,18752
48295,Lipscomb, TX,5293,17395
48303,Lubbock, TX,20004,21533
48305,Lynn, TX,21533,36976
48315,Marion, TX,21533,36976
48317,Martin, TX,21533,36976
48335,Mitchell, TX,21533,36976
48337,Montague, TX,21533,36976
48341,Moore, TX,21533,36976
48343,Morris, TX,21533,36976
48345,Motley, TX,20004,21533
48353,Nolan, TX,20004,21533
48357,Ochiltree, TX,17395,18752
48359,Oldham, TX,5293,17395
48363,Palo Pinto, TX,20004,21533
48365,Panola, TX,21533,36976
48367,Parker, TX,21533,36976
48369,Parmer, TX,17395,18752
48375,Potter, TX,20004,21533
48379,Rains, TX,21533,36976
48381,Randall, TX,17395,18752
48387,Red River, TX,18752,20004
48393,Roberts, TX,5293,17395
48397,Rockwall, TX,21533,36976
48401,Rusk, TX,21533,36976
48415,Scurry, TX,20004,21533
48417,Shackelford, TX,20004,21533
48421,Sherman, TX,17395,18752
48423,Smith, TX,20004,21533
48425,Somervell, TX,21533,36976
48429,Stephens, TX,21533,36976
48433,Stonewall, TX,21533,36976
48437,Swisher, TX,20004,21533
48439,Tarrant, TX,21533,36976
48441,Taylor, TX,21533,36976
48445,Terry, TX,21533,36976
48447,Throckmorton, TX,21533,36976
48449,Titus, TX,21533,36976
48459,Upshur, TX,21533,36976
48467,Van Zandt, TX,21533,36976
48483,Wheeler, TX,21533,36976
48485,Wichita, TX,21533,36976
48487,Wilbarger, TX,21533,36976
48497,Wise, TX,21533,36976
48499,Wood, TX,20004,21533
48501,Yoakum, TX,21533,36976
48503,Young, TX,21533,36976
56001,Albany, WY,17395,18752
56005,Campbell, WY,5293,17395
56009,Converse, WY,21533,36976
56011,Crook, WY,18752,20004
56015,Goshen, WY,18752,20004
56019,Johnson, WY,17395,18752
56021,Laramie, WY,20004,21533
56027,Niobrara, WY,21533,36976
56031,Platte, WY,20004,21533
56045,Weston, WY,17395,18752
16003,Adams, ID,5293,17395
16009,Benewah, ID,17395,18752
16017,Bonner, ID,5293,17395
16021,Boundary, ID,17395,18752
16035,Clearwater, ID,17395,18752
16049,Idaho, ID,18752,20004
16055,Kootenai, ID,5293,17395
16057,Latah, ID,17395,18752
16059,Lemhi, ID,5293,17395
16061,Lewis, ID,5293,17395
16069,Nez Perce, ID,17395,18752
16079,Shoshone, ID,17395,18752
16085,Valley, ID,20004,21533
27005,Becker, MN,20004,21533
27007,Beltrami, MN,18752,20004
27009,Benton, MN,5293,17395
27011,Big Stone, MN,21533,36976
27019,Carver, MN,5293,17395
27021,Cass, MN,17395,18752
27023,Chippewa, MN,21533,36976
27027,Clay, MN,17395,18752
27029,Clearwater, MN,21533,36976
27035,Crow Wing, MN,18752,20004
27041,Douglas, MN,20004,21533
27051,Grant, MN,21533,36976
27057,Hubbard, MN,20004,21533
27061,Itasca, MN,17395,18752
27067,Kandiyohi, MN,18752,20004
27069,Kittson, MN,18752,20004
27071,Koochiching, MN,5293,17395
27073,Lac qui Parle, MN,5293,17395
27077,Lake of the Woods, MN,21533,36976
27085,McLeod, MN,18752,20004
27087,Mahnomen, MN,17395,18752
27089,Marshall, MN,18752,20004
27093,Meeker, MN,18752,20004
27097,Morrison, MN,18752,20004
27107,Norman, MN,18752,20004
27111,Otter Tail, MN,5293,17395
27113,Pennington, MN,20004,21533
27119,Polk, MN,18752,20004
27121,Pope, MN,18752,20004
27125,Red Lake, MN,18752,20004
27129,Renville, MN,21533,36976
27135,Roseau, MN,18752,20004
27141,Sherburne, MN,20004,21533
27145,Stearns, MN,17395,18752
27149,Stevens, MN,21533,36976
27151,Swift, MN,21533,36976
27153,Todd, MN,21533,36976
27155,Traverse, MN,18752,20004
27159,Wadena, MN,21533,36976
27167,Wilkin, MN,18752,20004
27171,Wright, MN,18752,20004
27173,Yellow Medicine, MN,21533,36976
30001,Beaverhead, MT,17395,18752
30003,Big Horn, MT,21533,36976
30005,Blaine, MT,20004,21533
30007,Broadwater, MT,5293,17395
30009,Carbon, MT,18752,20004
30011,Carter, MT,20004,21533
30013,Cascade, MT,17395,18752
30015,Chouteau, MT,17395,18752
30017,Custer, MT,5293,17395
30019,Daniels, MT,21533,36976
30021,Dawson, MT,17395,18752
30023,Deer Lodge, MT,20004,21533
30025,Fallon, MT,21533,36976
30027,Fergus, MT,17395,18752
30029,Flathead, MT,5293,17395
30031,Gallatin, MT,17395,18752
30033,Garfield, MT,20004,21533
30035,Glacier, MT,17395,18752
30037,Golden Valley, MT,5293,17395
30039,Granite, MT,18752,20004
30041,Hill, MT,5293,17395
30043,Jefferson, MT,5293,17395
30045,Judith Basin, MT,5293,17395
30047,Lake, MT,17395,18752
30049,Lewis and Clark, MT,5293,17395
30051,Liberty, MT,21533,36976
30053,Lincoln, MT,5293,17395
30055,McCone, MT,21533,36976
30057,Madison, MT,18752,20004
30059,Meagher, MT,17395,18752
30061,Mineral, MT,5293,17395
30063,Missoula, MT,5293,17395
30065,Musselshell, MT,21533,36976
30067,Park, MT,18752,20004
30069,Petroleum, MT,,
30071,Phillips, MT,5293,17395
30073,Pondera, MT,5293,17395
30075,Powder River, MT,5293,17395
30077,Powell, MT,18752,20004
30079,Prairie, MT,5293,17395
30081,Ravalli, MT,5293,17395
30083,Richland, MT,17395,18752
30085,Roosevelt, MT,20004,21533
30087,Rosebud, MT,20004,21533
30089,Sanders, MT,5293,17395
30091,Sheridan, MT,5293,17395
30093,Silver Bow, MT,17395,18752
30095,Stillwater, MT,18752,20004
30097,Sweet Grass, MT,5293,17395
30099,Teton, MT,5293,17395
30101,Toole, MT,5293,17395
30103,Treasure, MT,5293,17395
30105,Valley, MT,21533,36976
30107,Wheatland, MT,21533,36976
30109,Wibaux, MT,5293,17395
30111,Yellowstone, MT,17395,18752
38001,Adams, ND,5293,17395
38003,Barnes, ND,5293,17395
38005,Benson, ND,18752,20004
38007,Billings, ND,5293,17395
38009,Bottineau, ND,5293,17395
38011,Bowman, ND,18752,20004
38013,Burke, ND,21533,36976
38015,Burleigh, ND,5293,17395
38017,Cass, ND,18752,20004
38019,Cavalier, ND,5293,17395
38021,Dickey, ND,20004,21533
38023,Divide, ND,20004,21533
38025,Dunn, ND,5293,17395
38027,Eddy, ND,17395,18752
38029,Emmons, ND,20004,21533
38031,Foster, ND,5293,17395
38033,Golden Valley, ND,5293,17395
38035,Grand Forks, ND,18752,20004
38037,Grant, ND,5293,17395
38039,Griggs, ND,20004,21533
38041,Hettinger, ND,5293,17395
38043,Kidder, ND,17395,18752
38045,LaMoure, ND,5293,17395
38047,Logan, ND,5293,17395
38049,McHenry, ND,5293,17395
38051,McIntosh, ND,20004,21533
38053,McKenzie, ND,18752,20004
38055,McLean, ND,5293,17395
38057,Mercer, ND,20004,21533
38059,Morton, ND,5293,17395
38061,Mountrail, ND,21533,36976
38063,Nelson, ND,5293,17395
38065,Oliver, ND,5293,17395
38067,Pembina, ND,18752,20004
38069,Pierce, ND,17395,18752
38071,Ramsey, ND,5293,17395
38073,Ransom, ND,18752,20004
38075,Renville, ND,5293,17395
38077,Richland, ND,18752,20004
38079,Rolette, ND,20004,21533
38081,Sargent, ND,21533,36976
38083,Sheridan, ND,5293,17395
38085,Sioux, ND,21533,36976
38087,Slope, ND,18752,20004
38089,Stark, ND,5293,17395
38091,Steele, ND,17395,18752
38093,Stutsman, ND,20004,21533
38095,Towner, ND,21533,36976
38097,Traill, ND,18752,20004
38099,Walsh, ND,18752,20004
38101,Ward, ND,5293,17395
38103,Wells, ND,17395,18752
38105,Williams, ND,20004,21533
41001,Baker, OR,5293,17395
41049,Morrow, OR,5293,17395
41059,Umatilla, OR,18752,20004
41061,Union, OR,17395,18752
41063,Wallowa, OR,18752,20004
46013,Brown, SD,17395,18752
46019,Butte, SD,5293,17395
46021,Campbell, SD,5293,17395
46025,Clark, SD,18752,20004
46029,Codington, SD,5293,17395
46031,Corson, SD,18752,20004
46037,Day, SD,17395,18752
46039,Deuel, SD,18752,20004
46041,Dewey, SD,21533,36976
46045,Edmunds, SD,18752,20004
46049,Faulk, SD,21533,36976
46051,Grant, SD,18752,20004
46057,Hamlin, SD,17395,18752
46063,Harding, SD,20004,21533
46089,McPherson, SD,5293,17395
46091,Marshall, SD,5293,17395
46105,Perkins, SD,5293,17395
46107,Potter, SD,18752,20004
46109,Roberts, SD,18752,20004
46115,Spink, SD,20004,21533
46119,Sully, SD,5293,17395
46129,Walworth, SD,17395,18752
46137,Ziebach, SD,5293,17395
53001,Adams, WA,20004,21533
53003,Asotin, WA,17395,18752
53005,Benton, WA,18752,20004
53013,Columbia, WA,21533,36976
53017,Douglas, WA,5293,17395
53019,Ferry, WA,5293,17395
53021,Franklin, WA,18752,20004
53023,Garfield, WA,17395,18752
53025,Grant, WA,17395,18752
53043,Lincoln, WA,18752,20004
53051,Pend Oreille, WA,5293,17395
53063,Spokane, WA,17395,18752
53065,Stevens, WA,17395,18752
53071,Walla Walla, WA,5293,17395
53075,Whitman, WA,5293,17395
56033,Sheridan, WY,5293,17395
1003,Baldwin, AL,5293,17395
1005,Barbour, AL,21533,36976
1011,Bullock, AL,21533,36976
1013,Butler, AL,20004,21533
1023,Choctaw, AL,21533,36976
1025,Clarke, AL,18752,20004
1031,Coffee, AL,17395,18752
1035,Conecuh, AL,18752,20004
1039,Covington, AL,20004,21533
1041,Crenshaw, AL,18752,20004
1045,Dale, AL,20004,21533
1053,Escambia, AL,20004,21533
1061,Geneva, AL,18752,20004
1067,Henry, AL,17395,18752
1069,Houston, AL,18752,20004
1097,Mobile, AL,18752,20004
1099,Monroe, AL,20004,21533
1109,Pike, AL,20004,21533
1129,Washington, AL,18752,20004
1131,Wilcox, AL,18752,20004
12001,Alachua, FL,20004,21533
12003,Baker, FL,21533,36976
12005,Bay, FL,20004,21533
12007,Bradford, FL,21533,36976
12009,Brevard, FL,18752,20004
12013,Calhoun, FL,21533,36976
12015,Charlotte, FL,17395,18752
12017,Citrus, FL,5293,17395
12019,Clay, FL,20004,21533
12021,Collier, FL,5293,17395
12023,Columbia, FL,21533,36976
12027,DeSoto, FL,18752,20004
12029,Dixie, FL,21533,36976
12031,Duval, FL,21533,36976
12033,Escambia, FL,20004,21533
12035,Flagler, FL,17395,18752
12037,Franklin, FL,5293,17395
12039,Gadsden, FL,18752,20004
12041,Gilchrist, FL,21533,36976
12043,Glades, FL,18752,20004
12045,Gulf, FL,18752,20004
12047,Hamilton, FL,20004,21533
12049,Hardee, FL,21533,36976
12051,Hendry, FL,21533,36976
12053,Hernando, FL,17395,18752
12055,Highlands, FL,20004,21533
12057,Hillsborough, FL,21533,36976
12059,Holmes, FL,18752,20004
12061,Indian River, FL,5293,17395
12063,Jackson, FL,20004,21533
12065,Jefferson, FL,21533,36976
12067,Lafayette, FL,21533,36976
12069,Lake, FL,17395,18752
12071,Lee, FL,17395,18752
12073,Leon, FL,18752,20004
12075,Levy, FL,20004,21533
12077,Liberty, FL,21533,36976
12079,Madison, FL,20004,21533
12081,Manatee, FL,17395,18752
12083,Marion, FL,17395,18752
12087,Monroe, FL,20004,21533
12089,Nassau, FL,18752,20004
12091,Okaloosa, FL,18752,20004
12093,Okeechobee, FL,21533,36976
12095,Orange, FL,21533,36976
12097,Osceola, FL,21533,36976
12101,Pasco, FL,20004,21533
12103,Pinellas, FL,21533,36976
12105,Polk, FL,20004,21533
12107,Putnam, FL,21533,36976
12109,St. Johns, FL,17395,18752
12113,Santa Rosa, FL,20004,21533
12115,Sarasota, FL,5293,17395
12117,Seminole, FL,20004,21533
12119,Sumter, FL,5293,17395
12121,Suwannee, FL,18752,20004
12123,Taylor, FL,17395,18752
12125,Union, FL,21533,36976
12127,Volusia, FL,18752,20004
12129,Wakulla, FL,18752,20004
12131,Walton, FL,17395,18752
12133,Washington, FL,20004,21533
13001,Appling, GA,18752,20004
13003,Atkinson, GA,5293,17395
13005,Bacon, GA,21533,36976
13007,Baker, GA,21533,36976
13017,Ben Hill, GA,18752,20004
13019,Berrien, GA,20004,21533
13025,Brantley, GA,21533,36976
13027,Brooks, GA,21533,36976
13029,Bryan, GA,5293,17395
13037,Calhoun, GA,21533,36976
13039,Camden, GA,20004,21533
13049,Charlton, GA,20004,21533
13051,Chatham, GA,20004,21533
13061,Clay, GA,20004,21533
13065,Clinch, GA,21533,36976
13069,Coffee, GA,20004,21533
13071,Colquitt, GA,20004,21533
13075,Cook, GA,17395,18752
13081,Crisp, GA,20004,21533
13087,Decatur, GA,17395,18752
13095,Dougherty, GA,21533,36976
13099,Early, GA,20004,21533
13101,Echols, GA,5293,17395
13127,Glynn, GA,21533,36976
13131,Grady, GA,17395,18752
13155,Irwin, GA,20004,21533
13161,Jeff Davis, GA,21533,36976
13173,Lanier, GA,21533,36976
13177,Lee, GA,5293,17395
13179,Liberty, GA,21533,36976
13183,Long, GA,21533,36976
13185,Lowndes, GA,18752,20004
13191,McIntosh, GA,20004,21533
13201,Miller, GA,21533,36976
13205,Mitchell, GA,18752,20004
13229,Pierce, GA,18752,20004
13239,Quitman, GA,17395,18752
13243,Randolph, GA,17395,18752
13253,Seminole, GA,18752,20004
13259,Stewart, GA,21533,36976
13261,Sumter, GA,18752,20004
13267,Tattnall, GA,21533,36976
13271,Telfair, GA,21533,36976
13273,Terrell, GA,17395,18752
13275,Thomas, GA,21533,36976
13277,Tift, GA,20004,21533
13287,Turner, GA,20004,21533
13299,Ware, GA,21533,36976
13305,Wayne, GA,20004,21533
13307,Webster, GA,21533,36976
13309,Wheeler, GA,21533,36976
13315,Wilcox, GA,21533,36976
13321,Worth, GA,21533,36976
22001,Acadia, LA,21533,36976
22003,Allen, LA,21533,36976
22005,Ascension, LA,20004,21533
22007,Assumption, LA,18752,20004
22009,Avoyelles, LA,21533,36976
22011,Beauregard, LA,20004,21533
22019,Calcasieu, LA,20004,21533
22021,Caldwell, LA,21533,36976
22023,Cameron, LA,17395,18752
22025,Catahoula, LA,21533,36976
22029,Concordia, LA,21533,36976
22033,East Baton Rouge, LA,20004,21533
22037,East Feliciana, LA,20004,21533
22039,Evangeline, LA,21533,36976
22043,Grant, LA,21533,36976
22045,Iberia, LA,20004,21533
22047,Iberville, LA,21533,36976
22051,Jefferson, LA,20004,21533
22053,Jefferson Davis, LA,20004,21533
22055,Lafayette, LA,18752,20004
22057,Lafourche, LA,17395,18752
22059,La Salle, LA,21533,36976
22063,Livingston, LA,20004,21533
22069,Natchitoches, LA,21533,36976
22071,Orleans, LA,21533,36976
22075,Plaquemines, LA,20004,21533
22077,Pointe Coupee, LA,20004,21533
22079,Rapides, LA,20004,21533
22081,Red River, LA,21533,36976
22085,Sabine, LA,21533,36976
22087,St. Bernard, LA,21533,36976
22089,St. Charles, LA,21533,36976
22091,St. Helena, LA,21533,36976
22093,St. James, LA,21533,36976
22095,St. John the Baptist, LA,20004,21533
22097,St. Landry, LA,20004,21533
22099,St. Martin, LA,18752,20004
22101,St. Mary, LA,21533,36976
22103,St. Tammany, LA,20004,21533
22105,Tangipahoa, LA,21533,36976
22107,Tensas, LA,20004,21533
22109,Terrebonne, LA,17395,18752
22113,Vermilion, LA,20004,21533
22115,Vernon, LA,21533,36976
22117,Washington, LA,21533,36976
22121,West Baton Rouge, LA,18752,20004
22125,West Feliciana, LA,21533,36976
22127,Winn, LA,21533,36976
28001,Adams, MS,20004,21533
28005,Amite, MS,17395,18752
28021,Claiborne, MS,21533,36976
28023,Clarke, MS,21533,36976
28029,Copiah, MS,20004,21533
28031,Covington, MS,21533,36976
28035,Forrest, MS,20004,21533
28037,Franklin, MS,21533,36976
28039,George, MS,18752,20004
28041,Greene, MS,21533,36976
28045,Hancock, MS,21533,36976
28047,Harrison, MS,21533,36976
28059,Jackson, MS,20004,21533
28061,Jasper, MS,21533,36976
28063,Jefferson, MS,21533,36976
28065,Jefferson Davis, MS,21533,36976
28067,Jones, MS,20004,21533
28073,Lamar, MS,17395,18752
28077,Lawrence, MS,20004,21533
28085,Lincoln, MS,17395,18752
28091,Marion, MS,20004,21533
28109,Pearl River, MS,20004,21533
28111,Perry, MS,20004,21533
28113,Pike, MS,20004,21533
28127,Simpson, MS,21533,36976
28129,Smith, MS,21533,36976
28131,Stone, MS,21533,36976
28147,Walthall, MS,21533,36976
28153,Wayne, MS,20004,21533
28157,Wilkinson, MS,18752,20004
1007,Bibb, AL,21533,36976
1033,Colbert, AL,18752,20004
1057,Fayette, AL,20004,21533
1059,Franklin, AL,20004,21533
1063,Greene, AL,21533,36976
1065,Hale, AL,21533,36976
1075,Lamar, AL,18752,20004
1077,Lauderdale, AL,5293,17395
1079,Lawrence, AL,17395,18752
1091,Marengo, AL,18752,20004
1093,Marion, AL,18752,20004
1105,Perry, AL,20004,21533
1107,Pickens, AL,18752,20004
1119,Sumter, AL,20004,21533
1125,Tuscaloosa, AL,21533,36976
1127,Walker, AL,17395,18752
1133,Winston, AL,18752,20004
5001,Arkansas, AR,5293,17395
5003,Ashley, AR,20004,21533
5005,Baxter, AR,17395,18752
5009,Boone, AR,17395,18752
5011,Bradley, AR,20004,21533
5013,Calhoun, AR,5293,17395
5015,Carroll, AR,20004,21533
5017,Chicot, AR,18752,20004
5019,Clark, AR,5293,17395
5021,Clay, AR,21533,36976
5023,Cleburne, AR,5293,17395
5025,Cleveland, AR,20004,21533
5027,Columbia, AR,18752,20004
5029,Conway, AR,18752,20004
5031,Craighead, AR,18752,20004
5035,Crittenden, AR,21533,36976
5037,Cross, AR,17395,18752
5039,Dallas, AR,18752,20004
5041,Desha, AR,20004,21533
5043,Drew, AR,20004,21533
5045,Faulkner, AR,17395,18752
5049,Fulton, AR,20004,21533
5051,Garland, AR,17395,18752
5053,Grant, AR,17395,18752
5055,Greene, AR,21533,36976
5059,Hot Spring, AR,17395,18752
5063,Independence, AR,18752,20004
5065,Izard, AR,21533,36976
5067,Jackson, AR,21533,36976
5069,Jefferson, AR,17395,18752
5071,Johnson, AR,17395,18752
5073,Lafayette, AR,21533,36976
5075,Lawrence, AR,20004,21533
5077,Lee, AR,20004,21533
5079,Lincoln, AR,17395,18752
5085,Lonoke, AR,17395,18752
5089,Marion, AR,18752,20004
5093,Mississippi, AR,21533,36976
5095,Monroe, AR,17395,18752
5097,Montgomery, AR,17395,18752
5099,Nevada, AR,18752,20004
5101,Newton, AR,17395,18752
5103,Ouachita, AR,17395,18752
5105,Perry, AR,5293,17395
5107,Phillips, AR,17395,18752
5109,Pike, AR,17395,18752
5111,Poinsett, AR,21533,36976
5115,Pope, AR,17395,18752
5117,Prairie, AR,18752,20004
5119,Pulaski, AR,17395,18752
5121,Randolph, AR,20004,21533
5123,St. Francis, AR,17395,18752
5125,Saline, AR,17395,18752
5129,Searcy, AR,20004,21533
5135,Sharp, AR,21533,36976
5137,Stone, AR,17395,18752
5139,Union, AR,18752,20004
5141,Van Buren, AR,17395,18752
5145,White, AR,17395,18752
5147,Woodruff, AR,18752,20004
5149,Yell, AR,20004,21533
17003,Alexander, IL,21533,36976
17055,Franklin, IL,20004,21533
17059,Gallatin, IL,20004,21533
17065,Hamilton, IL,20004,21533
17069,Hardin, IL,21533,36976
17077,Jackson, IL,21533,36976
17081,Jefferson, IL,18752,20004
17087,Johnson, IL,21533,36976
17127,Massac, IL,20004,21533
17133,Monroe, IL,18752,20004
17145,Perry, IL,21533,36976
17151,Pope, IL,5293,17395
17153,Pulaski, IL,20004,21533
17157,Randolph, IL,20004,21533
17165,Saline, IL,20004,21533
17181,Union, IL,21533,36976
17189,Washington, IL,18752,20004
17193,White, IL,21533,36976
17199,Williamson, IL,20004,21533
18051,Gibson, IN,21533,36976
18129,Posey, IN,18752,20004
18163,Vanderburgh, IN,21533,36976
18173,Warrick, IN,20004,21533
21007,Ballard, KY,5293,17395
21033,Caldwell, KY,18752,20004
21035,Calloway, KY,18752,20004
21039,Carlisle, KY,17395,18752
21047,Christian, KY,18752,20004
21055,Crittenden, KY,21533,36976
21075,Fulton, KY,21533,36976
21083,Graves, KY,20004,21533
21101,Henderson, KY,20004,21533
21105,Hickman, KY,21533,36976
21107,Hopkins, KY,18752,20004
21139,Livingston, KY,21533,36976
21143,Lyon, KY,20004,21533
21145,McCracken, KY,17395,18752
21149,McLean, KY,17395,18752
21157,Marshall, KY,18752,20004
21219,Todd, KY,18752,20004
21221,Trigg, KY,20004,21533
21225,Union, KY,21533,36976
21233,Webster, KY,18752,20004
22013,Bienville, LA,21533,36976
22015,Bossier, LA,21533,36976
22027,Claiborne, LA,21533,36976
22035,East Carroll, LA,21533,36976
22041,Franklin, LA,21533,36976
22049,Jackson, LA,21533,36976
22061,Lincoln, LA,21533,36976
22065,Madison, LA,21533,36976
22067,Morehouse, LA,21533,36976
22073,Ouachita, LA,21533,36976
22083,Richland, LA,21533,36976
22111,Union, LA,21533,36976
22119,Webster, LA,21533,36976
22123,West Carroll, LA,21533,36976
28003,Alcorn, MS,20004,21533
28007,Attala, MS,20004,21533
28009,Benton, MS,20004,21533
28011,Bolivar, MS,21533,36976
28013,Calhoun, MS,20004,21533
28015,Carroll, MS,20004,21533
28017,Chickasaw, MS,21533,36976
28019,Choctaw, MS,21533,36976
28025,Clay, MS,18752,20004
28027,Coahoma, MS,21533,36976
28033,DeSoto, MS,18752,20004
28043,Grenada, MS,21533,36976
28049,Hinds, MS,21533,36976
28051,Holmes, MS,21533,36976
28053,Humphreys, MS,17395,18752
28055,Issaquena, MS,5293,17395
28057,Itawamba, MS,20004,21533
28069,Kemper, MS,21533,36976
28071,Lafayette, MS,17395,18752
28075,Lauderdale, MS,21533,36976
28079,Leake, MS,21533,36976
28081,Lee, MS,18752,20004
28083,Leflore, MS,20004,21533
28087,Lowndes, MS,18752,20004
28089,Madison, MS,17395,18752
28093,Marshall, MS,20004,21533
28095,Monroe, MS,21533,36976
28097,Montgomery, MS,21533,36976
28099,Neshoba, MS,21533,36976
28101,Newton, MS,21533,36976
28103,Noxubee, MS,20004,21533
28105,Oktibbeha, MS,20004,21533
28107,Panola, MS,21533,36976
28115,Pontotoc, MS,20004,21533
28117,Prentiss, MS,20004,21533
28119,Quitman, MS,18752,20004
28121,Rankin, MS,20004,21533
28123,Scott, MS,21533,36976
28125,Sharkey, MS,21533,36976
28133,Sunflower, MS,21533,36976
28135,Tallahatchie, MS,21533,36976
28137,Tate, MS,17395,18752
28139,Tippah, MS,20004,21533
28141,Tishomingo, MS,20004,21533
28143,Tunica, MS,21533,36976
28145,Union, MS,18752,20004
28149,Warren, MS,21533,36976
28151,Washington, MS,20004,21533
28155,Webster, MS,21533,36976
28159,Winston, MS,20004,21533
28161,Yalobusha, MS,21533,36976
28163,Yazoo, MS,21533,36976
29015,Benton, MO,17395,18752
29017,Bollinger, MO,20004,21533
29023,Butler, MO,18752,20004
29029,Camden, MO,5293,17395
29031,Cape Girardeau, MO,18752,20004
29035,Carter, MO,5293,17395
29043,Christian, MO,5293,17395
29055,Crawford, MO,18752,20004
29059,Dallas, MO,18752,20004
29065,Dent, MO,18752,20004
29067,Douglas, MO,17395,18752
29069,Dunklin, MO,18752,20004
29077,Greene, MO,18752,20004
29085,Hickory, MO,18752,20004
29091,Howell, MO,5293,17395
29093,Iron, MO,21533,36976
29099,Jefferson, MO,20004,21533
29105,Laclede, MO,18752,20004
29123,Madison, MO,17395,18752
29125,Maries, MO,5293,17395
29131,Miller, MO,5293,17395
29133,Mississippi, MO,17395,18752
29143,New Madrid, MO,20004,21533
29149,Oregon, MO,5293,17395
29153,Ozark, MO,5293,17395
29155,Pemiscot, MO,20004,21533
29157,Perry, MO,21533,36976
29161,Phelps, MO,20004,21533
29167,Polk, MO,20004,21533
29169,Pulaski, MO,18752,20004
29179,Reynolds, MO,18752,20004
29181,Ripley, MO,5293,17395
29186,Ste. Genevieve, MO,21533,36976
29187,St. Francois, MO,20004,21533
29201,Scott, MO,18752,20004
29203,Shannon, MO,5293,17395
29207,Stoddard, MO,18752,20004
29209,Stone, MO,5293,17395
29213,Taney, MO,17395,18752
29215,Texas, MO,18752,20004
29221,Washington, MO,20004,21533
29223,Wayne, MO,5293,17395
29225,Webster, MO,18752,20004
29229,Wright, MO,20004,21533
47005,Benton, TN,20004,21533
47017,Carroll, TN,20004,21533
47023,Chester, TN,18752,20004
47033,Crockett, TN,18752,20004
47039,Decatur, TN,17395,18752
47043,Dickson, TN,20004,21533
47045,Dyer, TN,20004,21533
47047,Fayette, TN,17395,18752
47053,Gibson, TN,20004,21533
47069,Hardeman, TN,18752,20004
47071,Hardin, TN,20004,21533
47075,Haywood, TN,18752,20004
47077,Henderson, TN,18752,20004
47079,Henry, TN,18752,20004
47081,Hickman, TN,20004,21533
47083,Houston, TN,20004,21533
47085,Humphreys, TN,20004,21533
47095,Lake, TN,21533,36976
47097,Lauderdale, TN,21533,36976
47099,Lawrence, TN,18752,20004
47101,Lewis, TN,18752,20004
47109,McNairy, TN,18752,20004
47113,Madison, TN,18752,20004
47125,Montgomery, TN,17395,18752
47131,Obion, TN,21533,36976
47135,Perry, TN,18752,20004
47157,Shelby, TN,20004,21533
47161,Stewart, TN,18752,20004
47167,Tipton, TN,20004,21533
47181,Wayne, TN,21533,36976
47183,Weakley, TN,20004,21533
17001,Adams, IL,18752,20004
17005,Bond, IL,5293,17395
17007,Boone, IL,20004,21533
17009,Brown, IL,18752,20004
17011,Bureau, IL,18752,20004
17013,Calhoun, IL,17395,18752
17015,Carroll, IL,17395,18752
17017,Cass, IL,18752,20004
17019,Champaign, IL,20004,21533
17021,Christian, IL,20004,21533
17023,Clark, IL,18752,20004
17025,Clay, IL,20004,21533
17027,Clinton, IL,17395,18752
17029,Coles, IL,20004,21533
17031,Cook, IL,21533,36976
17033,Crawford, IL,18752,20004
17035,Cumberland, IL,17395,18752
17037,DeKalb, IL,21533,36976
17039,De Witt, IL,18752,20004
17041,Douglas, IL,20004,21533
17043,DuPage, IL,18752,20004
17045,Edgar, IL,18752,20004
17047,Edwards, IL,18752,20004
17049,Effingham, IL,18752,20004
17051,Fayette, IL,18752,20004
17053,Ford, IL,21533,36976
17057,Fulton, IL,17395,18752
17061,Greene, IL,18752,20004
17063,Grundy, IL,21533,36976
17067,Hancock, IL,18752,20004
17071,Henderson, IL,20004,21533
17073,Henry, IL,5293,17395
17075,Iroquois, IL,20004,21533
17079,Jasper, IL,18752,20004
17083,Jersey, IL,18752,20004
17085,Jo Daviess, IL,5293,17395
17089,Kane, IL,21533,36976
17091,Kankakee, IL,21533,36976
17093,Kendall, IL,20004,21533
17095,Knox, IL,5293,17395
17097,Lake, IL,20004,21533
17099,LaSalle, IL,20004,21533
17101,Lawrence, IL,21533,36976
17103,Lee, IL,17395,18752
17105,Livingston, IL,5293,17395
17107,Logan, IL,17395,18752
17109,McDonough, IL,18752,20004
17111,McHenry, IL,20004,21533
17113,McLean, IL,5293,17395
17115,Macon, IL,17395,18752
17117,Macoupin, IL,18752,20004
17119,Madison, IL,18752,20004
17121,Marion, IL,20004,21533
17123,Marshall, IL,17395,18752
17125,Mason, IL,20004,21533
17129,Menard, IL,17395,18752
17131,Mercer, IL,5293,17395
17135,Montgomery, IL,20004,21533
17137,Morgan, IL,18752,20004
17139,Moultrie, IL,17395,18752
17141,Ogle, IL,17395,18752
17143,Peoria, IL,17395,18752
17147,Piatt, IL,17395,18752
17149,Pike, IL,18752,20004
17155,Putnam, IL,20004,21533
17159,Richland, IL,17395,18752
17161,Rock Island, IL,5293,17395
17163,St. Clair, IL,20004,21533
17167,Sangamon, IL,17395,18752
17169,Schuyler, IL,20004,21533
17171,Scott, IL,21533,36976
17173,Shelby, IL,17395,18752
17175,Stark, IL,5293,17395
17177,Stephenson, IL,17395,18752
17179,Tazewell, IL,17395,18752
17183,Vermilion, IL,21533,36976
17185,Wabash, IL,21533,36976
17187,Warren, IL,5293,17395
17191,Wayne, IL,18752,20004
17195,Whiteside, IL,17395,18752
17197,Will, IL,21533,36976
17201,Winnebago, IL,20004,21533
17203,Woodford, IL,5293,17395
18007,Benton, IN,18752,20004
18045,Fountain, IN,18752,20004
18083,Knox, IN,21533,36976
18089,Lake, IN,21533,36976
18111,Newton, IN,18752,20004
18121,Parke, IN,17395,18752
18125,Pike, IN,17395,18752
18153,Sullivan, IN,20004,21533
18165,Vermillion, IN,20004,21533
18167,Vigo, IN,20004,21533
18171,Warren, IN,5293,17395
19005,Allamakee, IA,5293,17395
19007,Appanoose, IA,20004,21533
19011,Benton, IA,17395,18752
19013,Black Hawk, IA,17395,18752
19017,Bremer, IA,17395,18752
19019,Buchanan, IA,18752,20004
19023,Butler, IA,17395,18752
19031,Cedar, IA,5293,17395
19033,Cerro Gordo, IA,18752,20004
19037,Chickasaw, IA,5293,17395
19043,Clayton, IA,17395,18752
19045,Clinton, IA,5293,17395
19051,Davis, IA,20004,21533
19055,Delaware, IA,17395,18752
19057,Des Moines, IA,5293,17395
19061,Dubuque, IA,17395,18752
19065,Fayette, IA,18752,20004
19067,Floyd, IA,18752,20004
19069,Franklin, IA,18752,20004
19075,Grundy, IA,17395,18752
19083,Hardin, IA,5293,17395
19087,Henry, IA,5293,17395
19089,Howard, IA,20004,21533
19095,Iowa, IA,17395,18752
19097,Jackson, IA,20004,21533
19099,Jasper, IA,5293,17395
19101,Jefferson, IA,21533,36976
19103,Johnson, IA,5293,17395
19105,Jones, IA,17395,18752
19107,Keokuk, IA,17395,18752
19111,Lee, IA,17395,18752
19113,Linn, IA,5293,17395
19115,Louisa, IA,5293,17395
19117,Lucas, IA,5293,17395
19123,Mahaska, IA,5293,17395
19125,Marion, IA,17395,18752
19127,Marshall, IA,5293,17395
19131,Mitchell, IA,5293,17395
19135,Monroe, IA,17395,18752
19139,Muscatine, IA,17395,18752
19153,Polk, IA,5293,17395
19157,Poweshiek, IA,5293,17395
19163,Scott, IA,17395,18752
19169,Story, IA,5293,17395
19171,Tama, IA,5293,17395
19177,Van Buren, IA,20004,21533
19179,Wapello, IA,5293,17395
19181,Warren, IA,5293,17395
19183,Washington, IA,17395,18752
19185,Wayne, IA,18752,20004
19191,Winneshiek, IA,5293,17395
19195,Worth, IA,17395,18752
27039,Dodge, MN,5293,17395
27045,Fillmore, MN,5293,17395
27047,Freeborn, MN,20004,21533
27049,Goodhue, MN,5293,17395
27055,Houston, MN,5293,17395
27099,Mower, MN,21533,36976
27109,Olmsted, MN,5293,17395
27131,Rice, MN,5293,17395
27147,Steele, MN,5293,17395
27157,Wabasha, MN,20004,21533
27161,Waseca, MN,17395,18752
27169,Winona, MN,5293,17395
29001,Adair, MO,17395,18752
29007,Audrain, MO,5293,17395
29019,Boone, MO,17395,18752
29027,Callaway, MO,5293,17395
29033,Carroll, MO,21533,36976
29041,Chariton, MO,5293,17395
29045,Clark, MO,17395,18752
29051,Cole, MO,5293,17395
29053,Cooper, MO,5293,17395
29071,Franklin, MO,17395,18752
29073,Gasconade, MO,17395,18752
29079,Grundy, MO,21533,36976
29089,Howard, MO,5293,17395
29103,Knox, MO,5293,17395
29111,Lewis, MO,20004,21533
29113,Lincoln, MO,20004,21533
29115,Linn, MO,20004,21533
29117,Livingston, MO,21533,36976
29121,Macon, MO,17395,18752
29127,Marion, MO,5293,17395
29129,Mercer, MO,20004,21533
29135,Moniteau, MO,5293,17395
29137,Monroe, MO,5293,17395
29139,Montgomery, MO,5293,17395
29141,Morgan, MO,5293,17395
29151,Osage, MO,5293,17395
29159,Pettis, MO,17395,18752
29163,Pike, MO,18752,20004
29171,Putnam, MO,21533,36976
29173,Ralls, MO,5293,17395
29175,Randolph, MO,18752,20004
29183,St. Charles, MO,18752,20004
29189,St. Louis County, MO,20004,21533
29195,Saline, MO,17395,18752
29197,Schuyler, MO,17395,18752
29199,Scotland, MO,21533,36976
29205,Shelby, MO,17395,18752
29211,Sullivan, MO,21533,36976
29219,Warren, MO,20004,21533
29510,St. Louis City, MO,21533,36976
55001,Adams, WI,5293,17395
55009,Brown, WI,5293,17395
55011,Buffalo, WI,5293,17395
55015,Calumet, WI,5293,17395
55021,Columbia, WI,5293,17395
55023,Crawford, WI,17395,18752
55025,Dane, WI,5293,17395
55027,Dodge, WI,5293,17395
55039,Fond du Lac, WI,17395,18752
55043,Grant, WI,17395,18752
55045,Green, WI,5293,17395
55047,Green Lake, WI,17395,18752
55049,Iowa, WI,17395,18752
55053,Jackson, WI,18752,20004
55055,Jefferson, WI,5293,17395
55057,Juneau, WI,5293,17395
55059,Kenosha, WI,18752,20004
55061,Kewaunee, WI,5293,17395
55063,La Crosse, WI,5293,17395
55065,Lafayette, WI,18752,20004
55071,Manitowoc, WI,5293,17395
55077,Marquette, WI,5293,17395
55079,Milwaukee, WI,21533,36976
55081,Monroe, WI,18752,20004
55087,Outagamie, WI,5293,17395
55089,Ozaukee, WI,5293,17395
55091,Pepin, WI,18752,20004
55097,Portage, WI,5293,17395
55101,Racine, WI,20004,21533
55103,Richland, WI,17395,18752
55105,Rock, WI,18752,20004
55111,Sauk, WI,5293,17395
55117,Sheboygan, WI,5293,17395
55121,Trempealeau, WI,17395,18752
55123,Vernon, WI,17395,18752
55127,Walworth, WI,17395,18752
55131,Washington, WI,17395,18752
55133,Waukesha, WI,17395,18752
55135,Waupaca, WI,5293,17395
55137,Waushara, WI,17395,18752
55139,Winnebago, WI,5293,17395
55141,Wood, WI,5293,17395
1001,Autauga, AL,20004,21533
1009,Blount, AL,20004,21533
1015,Calhoun, AL,20004,21533
1017,Chambers, AL,5293,17395
1019,Cherokee, AL,17395,18752
1021,Chilton, AL,20004,21533
1027,Clay, AL,20004,21533
1029,Cleburne, AL,20004,21533
1037,Coosa, AL,17395,18752
1043,Cullman, AL,18752,20004
1047,Dallas, AL,20004,21533
1049,DeKalb, AL,17395,18752
1051,Elmore, AL,18752,20004
1055,Etowah, AL,21533,36976
1071,Jackson, AL,18752,20004
1073,Jefferson, AL,20004,21533
1081,Lee, AL,5293,17395
1083,Limestone, AL,18752,20004
1085,Lowndes, AL,17395,18752
1087,Macon, AL,17395,18752
1089,Madison, AL,18752,20004
1095,Marshall, AL,18752,20004
1101,Montgomery, AL,20004,21533
1103,Morgan, AL,18752,20004
1111,Randolph, AL,17395,18752
1113,Russell, AL,18752,20004
1115,St. Clair, AL,20004,21533
1117,Shelby, AL,17395,18752
1121,Talladega, AL,20004,21533
1123,Tallapoosa, AL,17395,18752
13015,Bartow, GA,20004,21533
13035,Butts, GA,21533,36976
13045,Carroll, GA,18752,20004
13047,Catoosa, GA,18752,20004
13053,Chattahoochee, GA,18752,20004
13055,Chattooga, GA,18752,20004
13057,Cherokee, GA,17395,18752
13063,Clayton, GA,21533,36976
13067,Cobb, GA,17395,18752
13077,Coweta, GA,18752,20004
13079,Crawford, GA,21533,36976
13083,Dade, GA,17395,18752
13085,Dawson, GA,17395,18752
13089,DeKalb, GA,20004,21533
13097,Douglas, GA,21533,36976
13111,Fannin, GA,5293,17395
13113,Fayette, GA,5293,17395
13115,Floyd, GA,20004,21533
13117,Forsyth, GA,17395,18752
13121,Fulton, GA,20004,21533
13123,Gilmer, GA,17395,18752
13129,Gordon, GA,18752,20004
13135,Gwinnett, GA,18752,20004
13143,Haralson, GA,20004,21533
13145,Harris, GA,17395,18752
13149,Heard, GA,18752,20004
13151,Henry, GA,20004,21533
13171,Lamar, GA,5293,17395
13187,Lumpkin, GA,20004,21533
13193,Macon, GA,21533,36976
13197,Marion, GA,5293,17395
13199,Meriwether, GA,21533,36976
13207,Monroe, GA,18752,20004
13213,Murray, GA,18752,20004
13215,Muscogee, GA,20004,21533
13223,Paulding, GA,18752,20004
13227,Pickens, GA,17395,18752
13231,Pike, GA,20004,21533
13233,Polk, GA,20004,21533
13247,Rockdale, GA,20004,21533
13249,Schley, GA,5293,17395
13255,Spalding, GA,18752,20004
13263,Talbot, GA,5293,17395
13269,Taylor, GA,21533,36976
13285,Troup, GA,20004,21533
13291,Union, GA,5293,17395
13293,Upson, GA,18752,20004
13295,Walker, GA,18752,20004
13313,Whitfield, GA,17395,18752
18025,Crawford, IN,18752,20004
18037,Dubois, IN,17395,18752
18043,Floyd, IN,20004,21533
18061,Harrison, IN,21533,36976
18123,Perry, IN,21533,36976
18147,Spencer, IN,17395,18752
21001,Adair, KY,21533,36976
21003,Allen, KY,21533,36976
21005,Anderson, KY,20004,21533
21009,Barren, KY,18752,20004
21017,Bourbon, KY,5293,17395
21021,Boyle, KY,18752,20004
21027,Breckinridge, KY,18752,20004
21029,Bullitt, KY,20004,21533
21031,Butler, KY,18752,20004
21045,Casey, KY,21533,36976
21049,Clark, KY,17395,18752
21053,Clinton, KY,21533,36976
21057,Cumberland, KY,21533,36976
21059,Daviess, KY,17395,18752
21061,Edmonson, KY,21533,36976
21065,Estill, KY,20004,21533
21067,Fayette, KY,20004,21533
21073,Franklin, KY,21533,36976
21079,Garrard, KY,18752,20004
21085,Grayson, KY,18752,20004
21087,Green, KY,21533,36976
21091,Hancock, KY,5293,17395
21093,Hardin, KY,18752,20004
21099,Hart, KY,20004,21533
21109,Jackson, KY,18752,20004
21111,Jefferson, KY,20004,21533
21113,Jessamine, KY,20004,21533
21123,Larue, KY,20004,21533
21125,Laurel, KY,18752,20004
21137,Lincoln, KY,20004,21533
21141,Logan, KY,18752,20004
21147,McCreary, KY,20004,21533
21151,Madison, KY,18752,20004
21155,Marion, KY,20004,21533
21163,Meade, KY,20004,21533
21167,Mercer, KY,20004,21533
21169,Metcalfe, KY,20004,21533
21171,Monroe, KY,21533,36976
21173,Montgomery, KY,18752,20004
21177,Muhlenberg, KY,17395,18752
21179,Nelson, KY,18752,20004
21181,Nicholas, KY,17395,18752
21183,Ohio, KY,18752,20004
21199,Pulaski, KY,17395,18752
21203,Rockcastle, KY,20004,21533
21207,Russell, KY,20004,21533
21209,Scott, KY,18752,20004
21211,Shelby, KY,17395,18752
21213,Simpson, KY,21533,36976
21215,Spencer, KY,17395,18752
21217,Taylor, KY,20004,21533
21227,Warren, KY,20004,21533
21229,Washington, KY,20004,21533
21231,Wayne, KY,17395,18752
21235,Whitley, KY,20004,21533
21239,Woodford, KY,17395,18752
37039,Cherokee, NC,17395,18752
47001,Anderson, TN,18752,20004
47003,Bedford, TN,17395,18752
47007,Bledsoe, TN,17395,18752
47009,Blount, TN,17395,18752
47011,Bradley, TN,18752,20004
47013,Campbell, TN,20004,21533
47015,Cannon, TN,18752,20004
47021,Cheatham, TN,17395,18752
47027,Clay, TN,20004,21533
47031,Coffee, TN,20004,21533
47035,Cumberland, TN,5293,17395
47037,Davidson, TN,20004,21533
47041,DeKalb, TN,17395,18752
47049,Fentress, TN,21533,36976
47051,Franklin, TN,20004,21533
47055,Giles, TN,20004,21533
47061,Grundy, TN,20004,21533
47065,Hamilton, TN,18752,20004
47087,Jackson, TN,18752,20004
47093,Knox, TN,17395,18752
47103,Lincoln, TN,18752,20004
47105,Loudon, TN,17395,18752
47107,McMinn, TN,18752,20004
47111,Macon, TN,18752,20004
47115,Marion, TN,20004,21533
47117,Marshall, TN,20004,21533
47119,Maury, TN,18752,20004
47121,Meigs, TN,5293,17395
47123,Monroe, TN,17395,18752
47127,Moore, TN,5293,17395
47129,Morgan, TN,17395,18752
47133,Overton, TN,21533,36976
47137,Pickett, TN,21533,36976
47139,Polk, TN,20004,21533
47141,Putnam, TN,18752,20004
47143,Rhea, TN,17395,18752
47145,Roane, TN,17395,18752
47147,Robertson, TN,17395,18752
47149,Rutherford, TN,17395,18752
47151,Scott, TN,20004,21533
47153,Sequatchie, TN,17395,18752
47159,Smith, TN,21533,36976
47165,Sumner, TN,17395,18752
47169,Trousdale, TN,21533,36976
47175,Van Buren, TN,5293,17395
47177,Warren, TN,18752,20004
47185,White, TN,17395,18752
47187,Williamson, TN,5293,17395
47189,Wilson, TN,18752,20004
13009,Baldwin, GA,17395,18752
13011,Banks, GA,18752,20004
13013,Barrow, GA,18752,20004
13021,Bibb, GA,20004,21533
13023,Bleckley, GA,21533,36976
13031,Bulloch, GA,20004,21533
13033,Burke, GA,20004,21533
13043,Candler, GA,21533,36976
13059,Clarke, GA,17395,18752
13073,Columbia, GA,17395,18752
13091,Dodge, GA,20004,21533
13093,Dooly, GA,21533,36976
13103,Effingham, GA,20004,21533
13105,Elbert, GA,5293,17395
13107,Emanuel, GA,18752,20004
13109,Evans, GA,21533,36976
13119,Franklin, GA,18752,20004
13125,Glascock, GA,5293,17395
13133,Greene, GA,5293,17395
13137,Habersham, GA,5293,17395
13139,Hall, GA,17395,18752
13141,Hancock, GA,20004,21533
13147,Hart, GA,5293,17395
13153,Houston, GA,18752,20004
13157,Jackson, GA,18752,20004
13159,Jasper, GA,18752,20004
13163,Jefferson, GA,20004,21533
13165,Jenkins, GA,18752,20004
13167,Johnson, GA,18752,20004
13169,Jones, GA,17395,18752
13175,Laurens, GA,17395,18752
13181,Lincoln, GA,17395,18752
13189,McDuffie, GA,21533,36976
13195,Madison, GA,5293,17395
13209,Montgomery, GA,18752,20004
13211,Morgan, GA,5293,17395
13217,Newton, GA,20004,21533
13219,Oconee, GA,5293,17395
13221,Oglethorpe, GA,17395,18752
13225,Peach, GA,18752,20004
13235,Pulaski, GA,17395,18752
13237,Putnam, GA,5293,17395
13241,Rabun, GA,17395,18752
13245,Richmond, GA,20004,21533
13251,Screven, GA,20004,21533
13257,Stephens, GA,17395,18752
13265,Taliaferro, GA,5293,17395
13279,Toombs, GA,17395,18752
13281,Towns, GA,5293,17395
13283,Treutlen, GA,20004,21533
13289,Twiggs, GA,18752,20004
13297,Walton, GA,17395,18752
13301,Warren, GA,17395,18752
13303,Washington, GA,17395,18752
13311,White, GA,5293,17395
13317,Wilkes, GA,18752,20004
13319,Wilkinson, GA,17395,18752
21011,Bath, KY,17395,18752
21013,Bell, KY,21533,36976
21019,Boyd, KY,20004,21533
21025,Breathitt, KY,20004,21533
21043,Carter, KY,17395,18752
21051,Clay, KY,21533,36976
21063,Elliott, KY,21533,36976
21069,Fleming, KY,20004,21533
21071,Floyd, KY,21533,36976
21095,Harlan, KY,18752,20004
21115,Johnson, KY,20004,21533
21119,Knott, KY,18752,20004
21121,Knox, KY,20004,21533
21127,Lawrence, KY,18752,20004
21129,Lee, KY,21533,36976
21131,Leslie, KY,21533,36976
21133,Letcher, KY,20004,21533
21153,Magoffin, KY,20004,21533
21159,Martin, KY,21533,36976
21165,Menifee, KY,18752,20004
21175,Morgan, KY,20004,21533
21189,Owsley, KY,17395,18752
21193,Perry, KY,21533,36976
21195,Pike, KY,20004,21533
21197,Powell, KY,20004,21533
21205,Rowan, KY,20004,21533
21237,Wolfe, KY,18752,20004
37003,Alexander, NC,17395,18752
37005,Alleghany, NC,5293,17395
37009,Ashe, NC,5293,17395
37011,Avery, NC,18752,20004
37021,Buncombe, NC,17395,18752
37023,Burke, NC,5293,17395
37027,Caldwell, NC,18752,20004
37035,Catawba, NC,17395,18752
37043,Clay, NC,5293,17395
37045,Cleveland, NC,18752,20004
37071,Gaston, NC,20004,21533
37075,Graham, NC,17395,18752
37087,Haywood, NC,17395,18752
37089,Henderson, NC,17395,18752
37097,Iredell, NC,18752,20004
37099,Jackson, NC,18752,20004
37109,Lincoln, NC,18752,20004
37111,McDowell, NC,18752,20004
37113,Macon, NC,17395,18752
37115,Madison, NC,17395,18752
37119,Mecklenburg, NC,18752,20004
37121,Mitchell, NC,18752,20004
37149,Polk, NC,17395,18752
37161,Rutherford, NC,17395,18752
37171,Surry, NC,18752,20004
37173,Swain, NC,21533,36976
37175,Transylvania, NC,17395,18752
37189,Watauga, NC,5293,17395
37193,Wilkes, NC,17395,18752
37197,Yadkin, NC,17395,18752
37199,Yancey, NC,17395,18752
45001,Abbeville, SC,5293,17395
45003,Aiken, SC,17395,18752
45005,Allendale, SC,21533,36976
45007,Anderson, SC,17395,18752
45009,Bamberg, SC,18752,20004
45011,Barnwell, SC,17395,18752
45013,Beaufort, SC,5293,17395
45017,Calhoun, SC,17395,18752
45021,Cherokee, SC,20004,21533
45023,Chester, SC,17395,18752
45029,Colleton, SC,20004,21533
45037,Edgefield, SC,17395,18752
45039,Fairfield, SC,17395,18752
45045,Greenville, SC,5293,17395
45047,Greenwood, SC,18752,20004
45049,Hampton, SC,20004,21533
45053,Jasper, SC,18752,20004
45057,Lancaster, SC,5293,17395
45059,Laurens, SC,18752,20004
45063,Lexington, SC,5293,17395
45065,McCormick, SC,17395,18752
45071,Newberry, SC,17395,18752
45073,Oconee, SC,17395,18752
45075,Orangeburg, SC,18752,20004
45077,Pickens, SC,5293,17395
45079,Richland, SC,5293,17395
45081,Saluda, SC,17395,18752
45083,Spartanburg, SC,18752,20004
45087,Union, SC,18752,20004
45091,York, SC,17395,18752
47019,Carter, TN,18752,20004
47025,Claiborne, TN,21533,36976
47029,Cocke, TN,18752,20004
47057,Grainger, TN,18752,20004
47059,Greene, TN,18752,20004
47063,Hamblen, TN,18752,20004
47067,Hancock, TN,18752,20004
47073,Hawkins, TN,17395,18752
47089,Jefferson, TN,18752,20004
47091,Johnson, TN,20004,21533
47155,Sevier, TN,17395,18752
47163,Sullivan, TN,18752,20004
47171,Unicoi, TN,20004,21533
47173,Union, TN,18752,20004
47179,Washington, TN,17395,18752
51021,Bland, VA,17395,18752
51027,Buchanan, VA,20004,21533
51035,Carroll, VA,18752,20004
51051,Dickenson, VA,18752,20004
51071,Giles, VA,18752,20004
51077,Grayson, VA,17395,18752
51105,Lee, VA,18752,20004
51155,Pulaski, VA,18752,20004
51167,Russell, VA,18752,20004
51169,Scott, VA,20004,21533
51173,Smyth, VA,21533,36976
51185,Tazewell, VA,18752,20004
51191,Washington, VA,17395,18752
51195,Wise, VA,20004,21533
51197,Wythe, VA,20004,21533
51520,Bristol, VA,20004,21533
51640,Galax, VA,20004,21533
51720,Norton, VA,17395,18752
54005,Boone, WV,20004,21533
54019,Fayette, WV,21533,36976
54039,Kanawha, WV,18752,20004
54043,Lincoln, WV,17395,18752
54045,Logan, WV,21533,36976
54047,McDowell, WV,17395,18752
54055,Mercer, WV,17395,18752
54059,Mingo, WV,21533,36976
54067,Nicholas, WV,20004,21533
54081,Raleigh, WV,20004,21533
54089,Summers, WV,20004,21533
54099,Wayne, WV,20004,21533
54109,Wyoming, WV,21533,36976
18001,Adams, IN,5293,17395
18003,Allen, IN,17395,18752
18005,Bartholomew, IN,18752,20004
18009,Blackford, IN,18752,20004
18011,Boone, IN,17395,18752
18013,Brown, IN,5293,17395
18015,Carroll, IN,18752,20004
18017,Cass, IN,17395,18752
18019,Clark, IN,21533,36976
18021,Clay, IN,17395,18752
18023,Clinton, IN,18752,20004
18027,Daviess, IN,20004,21533
18029,Dearborn, IN,20004,21533
18031,Decatur, IN,18752,20004
18033,DeKalb, IN,17395,18752
18035,Delaware, IN,20004,21533
18039,Elkhart, IN,5293,17395
18041,Fayette, IN,17395,18752
18047,Franklin, IN,18752,20004
18049,Fulton, IN,17395,18752
18053,Grant, IN,18752,20004
18055,Greene, IN,20004,21533
18057,Hamilton, IN,17395,18752
18059,Hancock, IN,18752,20004
18063,Hendricks, IN,17395,18752
18065,Henry, IN,17395,18752
18067,Howard, IN,20004,21533
18069,Huntington, IN,5293,17395
18071,Jackson, IN,5293,17395
18073,Jasper, IN,20004,21533
18075,Jay, IN,17395,18752
18077,Jefferson, IN,20004,21533
18079,Jennings, IN,17395,18752
18081,Johnson, IN,17395,18752
18085,Kosciusko, IN,17395,18752
18087,LaGrange, IN,5293,17395
18091,LaPorte, IN,18752,20004
18093,Lawrence, IN,20004,21533
18095,Madison, IN,20004,21533
18097,Marion, IN,21533,36976
18099,Marshall, IN,5293,17395
18101,Martin, IN,18752,20004
18103,Miami, IN,21533,36976
18105,Monroe, IN,5293,17395
18107,Montgomery, IN,18752,20004
18109,Morgan, IN,5293,17395
18113,Noble, IN,5293,17395
18115,Ohio, IN,18752,20004
18117,Orange, IN,21533,36976
18119,Owen, IN,5293,17395
18127,Porter, IN,20004,21533
18131,Pulaski, IN,18752,20004
18133,Putnam, IN,20004,21533
18135,Randolph, IN,18752,20004
18137,Ripley, IN,20004,21533
18139,Rush, IN,20004,21533
18141,St. Joseph, IN,17395,18752
18143,Scott, IN,20004,21533
18145,Shelby, IN,20004,21533
18149,Starke, IN,17395,18752
18151,Steuben, IN,17395,18752
18155,Switzerland, IN,5293,17395
18157,Tippecanoe, IN,20004,21533
18159,Tipton, IN,20004,21533
18161,Union, IN,5293,17395
18169,Wabash, IN,18752,20004
18175,Washington, IN,21533,36976
18177,Wayne, IN,18752,20004
18179,Wells, IN,17395,18752
18181,White, IN,17395,18752
18183,Whitley, IN,5293,17395
21015,Boone, KY,20004,21533
21023,Bracken, KY,20004,21533
21037,Campbell, KY,21533,36976
21041,Carroll, KY,21533,36976
21077,Gallatin, KY,21533,36976
21081,Grant, KY,21533,36976
21089,Greenup, KY,18752,20004
21097,Harrison, KY,5293,17395
21103,Henry, KY,21533,36976
21117,Kenton, KY,20004,21533
21135,Lewis, KY,21533,36976
21161,Mason, KY,17395,18752
21185,Oldham, KY,17395,18752
21187,Owen, KY,21533,36976
21191,Pendleton, KY,18752,20004
21201,Robertson, KY,20004,21533
21223,Trimble, KY,20004,21533
26005,Allegan, MI,5293,17395
26011,Arenac, MI,20004,21533
26015,Barry, MI,5293,17395
26017,Bay, MI,18752,20004
26019,Benzie, MI,5293,17395
26021,Berrien, MI,5293,17395
26023,Branch, MI,17395,18752
26025,Calhoun, MI,20004,21533
26027,Cass, MI,5293,17395
26035,Clare, MI,18752,20004
26037,Clinton, MI,18752,20004
26045,Eaton, MI,20004,21533
26049,Genesee, MI,20004,21533
26051,Gladwin, MI,18752,20004
26057,Gratiot, MI,18752,20004
26059,Hillsdale, MI,17395,18752
26063,Huron, MI,18752,20004
26065,Ingham, MI,20004,21533
26067,Ionia, MI,20004,21533
26069,Iosco, MI,17395,18752
26073,Isabella, MI,17395,18752
26075,Jackson, MI,20004,21533
26077,Kalamazoo, MI,17395,18752
26081,Kent, MI,18752,20004
26085,Lake, MI,20004,21533
26087,Lapeer, MI,21533,36976
26091,Lenawee, MI,18752,20004
26093,Livingston, MI,18752,20004
26099,Macomb, MI,20004,21533
26101,Manistee, MI,17395,18752
26105,Mason, MI,18752,20004
26107,Mecosta, MI,18752,20004
26111,Midland, MI,17395,18752
26113,Missaukee, MI,5293,17395
26115,Monroe, MI,20004,21533
26117,Montcalm, MI,18752,20004
26121,Muskegon, MI,20004,21533
26123,Newaygo, MI,20004,21533
26125,Oakland, MI,20004,21533
26127,Oceana, MI,18752,20004
26129,Ogemaw, MI,20004,21533
26133,Osceola, MI,17395,18752
26139,Ottawa, MI,5293,17395
26143,Roscommon, MI,18752,20004
26145,Saginaw, MI,21533,36976
26147,St. Clair, MI,17395,18752
26149,St. Joseph, MI,5293,17395
26151,Sanilac, MI,18752,20004
26155,Shiawassee, MI,17395,18752
26157,Tuscola, MI,20004,21533
26159,Van Buren, MI,17395,18752
26161,Washtenaw, MI,18752,20004
26163,Wayne, MI,21533,36976
26165,Wexford, MI,5293,17395
39001,Adams, OH,21533,36976
39003,Allen, OH,18752,20004
39005,Ashland, OH,17395,18752
39007,Ashtabula, OH,21533,36976
39009,Athens, OH,18752,20004
39011,Auglaize, OH,18752,20004
39013,Belmont, OH,20004,21533
39015,Brown, OH,20004,21533
39017,Butler, OH,20004,21533
39019,Carroll, OH,17395,18752
39021,Champaign, OH,20004,21533
39023,Clark, OH,20004,21533
39025,Clermont, OH,20004,21533
39027,Clinton, OH,18752,20004
39029,Columbiana, OH,21533,36976
39031,Coshocton, OH,18752,20004
39033,Crawford, OH,21533,36976
39035,Cuyahoga, OH,21533,36976
39037,Darke, OH,17395,18752
39039,Defiance, OH,20004,21533
39041,Delaware, OH,5293,17395
39043,Erie, OH,20004,21533
39045,Fairfield, OH,21533,36976
39047,Fayette, OH,21533,36976
39049,Franklin, OH,20004,21533
39051,Fulton, OH,18752,20004
39053,Gallia, OH,21533,36976
39055,Geauga, OH,17395,18752
39057,Greene, OH,20004,21533
39059,Guernsey, OH,20004,21533
39061,Hamilton, OH,20004,21533
39063,Hancock, OH,17395,18752
39065,Hardin, OH,18752,20004
39067,Harrison, OH,20004,21533
39069,Henry, OH,18752,20004
39071,Highland, OH,21533,36976
39073,Hocking, OH,21533,36976
39075,Holmes, OH,17395,18752
39077,Huron, OH,20004,21533
39079,Jackson, OH,21533,36976
39081,Jefferson, OH,21533,36976
39083,Knox, OH,20004,21533
39085,Lake, OH,20004,21533
39087,Lawrence, OH,20004,21533
39089,Licking, OH,18752,20004
39091,Logan, OH,20004,21533
39093,Lorain, OH,20004,21533
39095,Lucas, OH,20004,21533
39097,Madison, OH,18752,20004
39099,Mahoning, OH,20004,21533
39101,Marion, OH,20004,21533
39103,Medina, OH,20004,21533
39105,Meigs, OH,20004,21533
39107,Mercer, OH,5293,17395
39109,Miami, OH,18752,20004
39111,Monroe, OH,18752,20004
39113,Montgomery, OH,21533,36976
39115,Morgan, OH,18752,20004
39117,Morrow, OH,21533,36976
39119,Muskingum, OH,20004,21533
39121,Noble, OH,18752,20004
39123,Ottawa, OH,20004,21533
39125,Paulding, OH,21533,36976
39127,Perry, OH,20004,21533
39129,Pickaway, OH,20004,21533
39131,Pike, OH,21533,36976
39133,Portage, OH,20004,21533
39135,Preble, OH,18752,20004
39137,Putnam, OH,18752,20004
39139,Richland, OH,20004,21533
39141,Ross, OH,21533,36976
39143,Sandusky, OH,18752,20004
39145,Scioto, OH,21533,36976
39147,Seneca, OH,18752,20004
39149,Shelby, OH,18752,20004
39151,Stark, OH,18752,20004
39153,Summit, OH,20004,21533
39155,Trumbull, OH,20004,21533
39157,Tuscarawas, OH,18752,20004
39159,Union, OH,18752,20004
39161,Van Wert, OH,5293,17395
39163,Vinton, OH,21533,36976
39165,Warren, OH,18752,20004
39167,Washington, OH,21533,36976
39169,Wayne, OH,17395,18752
39171,Williams, OH,17395,18752
39173,Wood, OH,18752,20004
39175,Wyandot, OH,17395,18752
54007,Braxton, WV,17395,18752
54011,Cabell, WV,20004,21533
54013,Calhoun, WV,21533,36976
54015,Clay, WV,5293,17395
54017,Doddridge, WV,17395,18752
54021,Gilmer, WV,18752,20004
54035,Jackson, WV,20004,21533
54051,Marshall, WV,17395,18752
54053,Mason, WV,17395,18752
54069,Ohio, WV,21533,36976
54073,Pleasants, WV,21533,36976
54079,Putnam, WV,5293,17395
54085,Ritchie, WV,20004,21533
54087,Roane, WV,18752,20004
54095,Tyler, WV,21533,36976
54103,Wetzel, WV,17395,18752
54105,Wirt, WV,20004,21533
54107,Wood, WV,21533,36976
12011,Broward, FL,21533,36976
12085,Martin, FL,17395,18752
12086,Miami-Dade, FL,21533,36976
12099,Palm Beach, FL,18752,20004
12111,St. Lucie, FL,18752,20004
24037,St. Mary's, MD,18752,20004
24039,Somerset, MD,20004,21533
24047,Worcester, MD,18752,20004
37001,Alamance, NC,17395,18752
37007,Anson, NC,18752,20004
37013,Beaufort, NC,5293,17395
37015,Bertie, NC,21533,36976
37017,Bladen, NC,21533,36976
37019,Brunswick, NC,5293,17395
37025,Cabarrus, NC,20004,21533
37029,Camden, NC,17395,18752
37031,Carteret, NC,17395,18752
37033,Caswell, NC,18752,20004
37037,Chatham, NC,5293,17395
37041,Chowan, NC,18752,20004
37047,Columbus, NC,20004,21533
37049,Craven, NC,5293,17395
37051,Cumberland, NC,18752,20004
37053,Currituck, NC,17395,18752
37055,Dare, NC,17395,18752
37057,Davidson, NC,18752,20004
37059,Davie, NC,17395,18752
37061,Duplin, NC,18752,20004
37063,Durham, NC,18752,20004
37065,Edgecombe, NC,21533,36976
37067,Forsyth, NC,18752,20004
37069,Franklin, NC,18752,20004
37073,Gates, NC,18752,20004
37077,Granville, NC,17395,18752
37079,Greene, NC,21533,36976
37081,Guilford, NC,17395,18752
37083,Halifax, NC,20004,21533
37085,Harnett, NC,20004,21533
37091,Hertford, NC,20004,21533
37093,Hoke, NC,18752,20004
37095,Hyde, NC,17395,18752
37101,Johnston, NC,18752,20004
37103,Jones, NC,5293,17395
37105,Lee, NC,17395,18752
37107,Lenoir, NC,18752,20004
37117,Martin, NC,20004,21533
37123,Montgomery, NC,20004,21533
37125,Moore, NC,5293,17395
37127,Nash, NC,18752,20004
37129,New Hanover, NC,5293,17395
37131,Northampton, NC,18752,20004
37133,Onslow, NC,17395,18752
37135,Orange, NC,5293,17395
37137,Pamlico, NC,5293,17395
37139,Pasquotank, NC,17395,18752
37141,Pender, NC,17395,18752
37143,Perquimans, NC,17395,18752
37145,Person, NC,18752,20004
37147,Pitt, NC,20004,21533
37151,Randolph, NC,17395,18752
37153,Richmond, NC,20004,21533
37155,Robeson, NC,20004,21533
37157,Rockingham, NC,17395,18752
37159,Rowan, NC,18752,20004
37163,Sampson, NC,18752,20004
37165,Scotland, NC,17395,18752
37167,Stanly, NC,21533,36976
37169,Stokes, NC,20004,21533
37177,Tyrrell, NC,21533,36976
37179,Union, NC,18752,20004
37181,Vance, NC,21533,36976
37183,Wake, NC,17395,18752
37185,Warren, NC,18752,20004
37187,Washington, NC,21533,36976
37191,Wayne, NC,18752,20004
37195,Wilson, NC,18752,20004
45015,Berkeley, SC,18752,20004
45019,Charleston, SC,17395,18752
45025,Chesterfield, SC,18752,20004
45027,Clarendon, SC,18752,20004
45031,Darlington, SC,20004,21533
45033,Dillon, SC,20004,21533
45035,Dorchester, SC,20004,21533
45041,Florence, SC,20004,21533
45043,Georgetown, SC,17395,18752
45051,Horry, SC,17395,18752
45055,Kershaw, SC,5293,17395
45061,Lee, SC,20004,21533
45067,Marion, SC,20004,21533
45069,Marlboro, SC,18752,20004
45085,Sumter, SC,18752,20004
45089,Williamsburg, SC,21533,36976
51001,Accomack, VA,18752,20004
51003,Albemarle, VA,17395,18752
51005,Alleghany, VA,20004,21533
51007,Amelia, VA,21533,36976
51009,Amherst, VA,18752,20004
51011,Appomattox, VA,18752,20004
51015,Augusta, VA,17395,18752
51017,Bath, VA,21533,36976
51019,Bedford County, VA,17395,18752
51023,Botetourt, VA,18752,20004
51025,Brunswick, VA,18752,20004
51029,Buckingham, VA,20004,21533
51031,Campbell, VA,20004,21533
51033,Caroline, VA,17395,18752
51036,Charles City, VA,17395,18752
51037,Charlotte, VA,21533,36976
51041,Chesterfield, VA,18752,20004
51045,Craig, VA,17395,18752
51049,Cumberland, VA,18752,20004
51053,Dinwiddie, VA,20004,21533
51057,Essex, VA,18752,20004
51063,Floyd, VA,5293,17395
51065,Fluvanna, VA,5293,17395
51067,Franklin County, VA,5293,17395
51073,Gloucester, VA,17395,18752
51075,Goochland, VA,17395,18752
51079,Greene, VA,17395,18752
51081,Greensville, VA,21533,36976
51083,Halifax, VA,17395,18752
51085,Hanover, VA,18752,20004
51087,Henrico, VA,18752,20004
51089,Henry, VA,20004,21533
51093,Isle of Wight, VA,17395,18752
51095,James City, VA,5293,17395
51097,King and Queen, VA,17395,18752
51099,King George, VA,18752,20004
51101,King William, VA,17395,18752
51103,Lancaster, VA,17395,18752
51109,Louisa, VA,17395,18752
51111,Lunenburg, VA,18752,20004
51115,Mathews, VA,5293,17395
51117,Mecklenburg, VA,17395,18752
51119,Middlesex, VA,17395,18752
51121,Montgomery, VA,20004,21533
51125,Nelson, VA,5293,17395
51127,New Kent, VA,18752,20004
51131,Northampton, VA,17395,18752
51133,Northumberland, VA,17395,18752
51135,Nottoway, VA,18752,20004
51137,Orange, VA,5293,17395
51141,Patrick, VA,18752,20004
51143,Pittsylvania, VA,17395,18752
51145,Powhatan, VA,17395,18752
51147,Prince Edward, VA,21533,36976
51149,Prince George, VA,20004,21533
51159,Richmond County, VA,17395,18752
51161,Roanoke County, VA,17395,18752
51163,Rockbridge, VA,5293,17395
51175,Southampton, VA,18752,20004
51177,Spotsylvania, VA,18752,20004
51181,Surry, VA,5293,17395
51183,Sussex, VA,21533,36976
51193,Westmoreland, VA,17395,18752
51199,York, VA,17395,18752
51530,Buena Vista, VA,5293,17395
51540,Charlottesville, VA,17395,18752
51550,Chesapeake, VA,18752,20004
51570,Colonial Heights, VA,5293,17395
51580,Covington, VA,5293,17395
51590,Danville, VA,20004,21533
51595,Emporia, VA,5293,17395
51620,Franklin City, VA,5293,17395
51630,Fredericksburg, VA,17395,18752
51650,Hampton, VA,18752,20004
51670,Hopewell, VA,21533,36976
51678,Lexington, VA,18752,20004
51680,Lynchburg, VA,20004,21533
51690,Martinsville, VA,21533,36976
51700,Newport News, VA,18752,20004
51710,Norfolk, VA,20004,21533
51730,Petersburg, VA,21533,36976
51735,Poquoson, VA,17395,18752
51740,Portsmouth, VA,18752,20004
51750,Radford, VA,18752,20004
51760,Richmond City, VA,21533,36976
51770,Roanoke City, VA,20004,21533
51775,Salem, VA,20004,21533
51790,Staunton, VA,17395,18752
51800,Suffolk, VA,17395,18752
51810,Virginia Beach, VA,18752,20004
51820,Waynesboro, VA,17395,18752
51830,Williamsburg, VA,5293,17395
54025,Greenbrier, WV,18752,20004
54063,Monroe, WV,18752,20004
10001,Kent, DE,18752,20004
10003,New Castle, DE,18752,20004
10005,Sussex, DE,17395,18752
11001,District of Columbia, DC,21533,36976
24001,Allegany, MD,20004,21533
24003,Anne Arundel, MD,18752,20004
24005,Baltimore County, MD,20004,21533
24009,Calvert, MD,17395,18752
24011,Caroline, MD,18752,20004
24013,Carroll, MD,17395,18752
24015,Cecil, MD,20004,21533
24017,Charles, MD,21533,36976
24019,Dorchester, MD,20004,21533
24021,Frederick, MD,17395,18752
24023,Garrett, MD,17395,18752
24025,Harford, MD,20004,21533
24027,Howard, MD,5293,17395
24029,Kent, MD,18752,20004
24031,Montgomery, MD,17395,18752
24033,Prince George's, MD,21533,36976
24035,Queen Anne's, MD,17395,18752
24041,Talbot, MD,5293,17395
24043,Washington, MD,18752,20004
24045,Wicomico, MD,20004,21533
24510,Baltimore City, MD,21533,36976
34001,Atlantic, NJ,18752,20004
34003,Bergen, NJ,18752,20004
34005,Burlington, NJ,20004,21533
34007,Camden, NJ,21533,36976
34009,Cape May, NJ,18752,20004
34011,Cumberland, NJ,21533,36976
34013,Essex, NJ,21533,36976
34015,Gloucester, NJ,20004,21533
34019,Hunterdon, NJ,17395,18752
34021,Mercer, NJ,18752,20004
34023,Middlesex, NJ,18752,20004
34025,Monmouth, NJ,18752,20004
34027,Morris, NJ,18752,20004
34029,Ocean, NJ,18752,20004
34031,Passaic, NJ,20004,21533
34033,Salem, NJ,20004,21533
34035,Somerset, NJ,17395,18752
34037,Sussex, NJ,18752,20004
34039,Union, NJ,18752,20004
34041,Warren, NJ,18752,20004
36003,Allegany, NY,17395,18752
36007,Broome, NY,17395,18752
36009,Cattaraugus, NY,17395,18752
36011,Cayuga, NY,5293,17395
36013,Chautauqua, NY,5293,17395
36015,Chemung, NY,20004,21533
36017,Chenango, NY,17395,18752
36023,Cortland, NY,17395,18752
36025,Delaware, NY,17395,18752
36029,Erie, NY,18752,20004
36033,Franklin, NY,5293,17395
36035,Fulton, NY,17395,18752
36037,Genesee, NY,17395,18752
36039,Greene, NY,17395,18752
36041,Hamilton, NY,5293,17395
36043,Herkimer, NY,17395,18752
36045,Jefferson, NY,17395,18752
36049,Lewis, NY,18752,20004
36051,Livingston, NY,18752,20004
36053,Madison, NY,17395,18752
36055,Monroe, NY,20004,21533
36057,Montgomery, NY,17395,18752
36063,Niagara, NY,17395,18752
36065,Oneida, NY,17395,18752
36067,Onondaga, NY,17395,18752
36069,Ontario, NY,17395,18752
36071,Orange, NY,18752,20004
36073,Orleans, NY,18752,20004
36075,Oswego, NY,17395,18752
36077,Otsego, NY,17395,18752
36085,Richmond, NY,18752,20004
36089,St. Lawrence, NY,17395,18752
36095,Schoharie, NY,5293,17395
36097,Schuyler, NY,18752,20004
36099,Seneca, NY,17395,18752
36101,Steuben, NY,17395,18752
36105,Sullivan, NY,17395,18752
36107,Tioga, NY,17395,18752
36109,Tompkins, NY,5293,17395
36111,Ulster, NY,17395,18752
36117,Wayne, NY,20004,21533
36121,Wyoming, NY,5293,17395
36123,Yates, NY,5293,17395
42001,Adams, PA,17395,18752
42003,Allegheny, PA,21533,36976
42005,Armstrong, PA,18752,20004
42007,Beaver, PA,21533,36976
42009,Bedford, PA,17395,18752
42011,Berks, PA,20004,21533
42013,Blair, PA,20004,21533
42015,Bradford, PA,18752,20004
42017,Bucks, PA,17395,18752
42019,Butler, PA,18752,20004
42021,Cambria, PA,18752,20004
42023,Cameron, PA,20004,21533
42025,Carbon, PA,20004,21533
42027,Centre, PA,18752,20004
42029,Chester, PA,17395,18752
42031,Clarion, PA,20004,21533
42033,Clearfield, PA,20004,21533
42035,Clinton, PA,20004,21533
42037,Columbia, PA,17395,18752
42039,Crawford, PA,18752,20004
42041,Cumberland, PA,18752,20004
42043,Dauphin, PA,20004,21533
42045,Delaware, PA,20004,21533
42047,Elk, PA,21533,36976
42049,Erie, PA,20004,21533
42051,Fayette, PA,20004,21533
42053,Forest, PA,5293,17395
42055,Franklin, PA,17395,18752
42057,Fulton, PA,21533,36976
42059,Greene, PA,20004,21533
42061,Huntingdon, PA,20004,21533
42063,Indiana, PA,20004,21533
42065,Jefferson, PA,21533,36976
42067,Juniata, PA,17395,18752
42069,Lackawanna, PA,18752,20004
42071,Lancaster, PA,17395,18752
42073,Lawrence, PA,20004,21533
42075,Lebanon, PA,17395,18752
42077,Lehigh, PA,20004,21533
42079,Luzerne, PA,18752,20004
42081,Lycoming, PA,20004,21533
42083,McKean, PA,17395,18752
42085,Mercer, PA,20004,21533
42087,Mifflin, PA,18752,20004
42089,Monroe, PA,21533,36976
42091,Montgomery, PA,18752,20004
42093,Montour, PA,18752,20004
42095,Northampton, PA,20004,21533
42097,Northumberland, PA,20004,21533
42099,Perry, PA,18752,20004
42101,Philadelphia, PA,21533,36976
42103,Pike, PA,17395,18752
42105,Potter, PA,18752,20004
42107,Schuylkill, PA,20004,21533
42109,Snyder, PA,17395,18752
42111,Somerset, PA,18752,20004
42113,Sullivan, PA,18752,20004
42115,Susquehanna, PA,5293,17395
42117,Tioga, PA,20004,21533
42119,Union, PA,17395,18752
42121,Venango, PA,20004,21533
42123,Warren, PA,18752,20004
42125,Washington, PA,20004,21533
42127,Wayne, PA,5293,17395
42129,Westmoreland, PA,20004,21533
42131,Wyoming, PA,18752,20004
42133,York, PA,18752,20004
51013,Arlington, VA,5293,17395
51043,Clarke, VA,17395,18752
51047,Culpeper, VA,20004,21533
51059,Fairfax County, VA,5293,17395
51061,Fauquier, VA,18752,20004
51069,Frederick, VA,5293,17395
51091,Highland, VA,18752,20004
51107,Loudoun, VA,17395,18752
51113,Madison, VA,17395,18752
51139,Page, VA,20004,21533
51153,Prince William, VA,18752,20004
51157,Rappahannock, VA,17395,18752
51165,Rockingham, VA,20004,21533
51171,Shenandoah, VA,5293,17395
51179,Stafford, VA,18752,20004
51187,Warren, VA,17395,18752
51510,Alexandria, VA,17395,18752
51600,Fairfax City, VA,18752,20004
51610,Falls Church, VA,5293,17395
51660,Harrisonburg, VA,20004,21533
51683,Manassas, VA,17395,18752
51685,Manassas Park, VA,17395,18752
51840,Winchester, VA,5293,17395
54001,Barbour, WV,18752,20004
54003,Berkeley, WV,17395,18752
54009,Brooke, WV,21533,36976
54023,Grant, WV,18752,20004
54027,Hampshire, WV,17395,18752
54029,Hancock, WV,21533,36976
54031,Hardy, WV,17395,18752
54033,Harrison, WV,20004,21533
54037,Jefferson, WV,17395,18752
54041,Lewis, WV,20004,21533
54049,Marion, WV,20004,21533
54057,Mineral, WV,20004,21533
54061,Monongalia, WV,20004,21533
54065,Morgan, WV,17395,18752
54071,Pendleton, WV,20004,21533
54075,Pocahontas, WV,20004,21533
54077,Preston, WV,18752,20004
54083,Randolph, WV,18752,20004
54091,Taylor, WV,21533,36976
54093,Tucker, WV,18752,20004
54097,Upshur, WV,17395,18752
54101,Webster, WV,21533,36976
9001,Fairfield, CT,20004,21533
9003,Hartford, CT,18752,20004
9005,Litchfield, CT,18752,20004
9007,Middlesex, CT,18752,20004
9009,New Haven, CT,20004,21533
9011,New London, CT,18752,20004
9013,Tolland, CT,17395,18752
9015,Windham, CT,18752,20004
23001,Androscoggin, ME,18752,20004
23005,Cumberland, ME,17395,18752
23011,Kennebec, ME,17395,18752
23013,Knox, ME,5293,17395
23015,Lincoln, ME,18752,20004
23017,Oxford, ME,20004,21533
23023,Sagadahoc, ME,18752,20004
23027,Waldo, ME,18752,20004
23031,York, ME,17395,18752
25001,Barnstable, MA,17395,18752
25003,Berkshire, MA,18752,20004
25005,Bristol, MA,20004,21533
25007,Dukes, MA,20004,21533
25009,Essex, MA,20004,21533
25011,Franklin, MA,17395,18752
25013,Hampden, MA,18752,20004
25015,Hampshire, MA,17395,18752
25017,Middlesex, MA,20004,21533
25019,Nantucket, MA,5293,17395
25021,Norfolk, MA,21533,36976
25023,Plymouth, MA,21533,36976
25025,Suffolk, MA,21533,36976
25027,Worcester, MA,20004,21533
33001,Belknap, NH,17395,18752
33003,Carroll, NH,18752,20004
33005,Cheshire, NH,18752,20004
33009,Grafton, NH,18752,20004
33011,Hillsborough, NH,20004,21533
33013,Merrimack, NH,17395,18752
33015,Rockingham, NH,18752,20004
33017,Strafford, NH,17395,18752
33019,Sullivan, NH,17395,18752
34017,Hudson, NJ,20004,21533
36001,Albany, NY,5293,17395
36005,Bronx, NY,21533,36976
36021,Columbia, NY,18752,20004
36027,Dutchess, NY,17395,18752
36031,Essex, NY,5293,17395
36047,Kings, NY,20004,21533
36059,Nassau, NY,18752,20004
36061,New York, NY,18752,20004
36079,Putnam, NY,20004,21533
36081,Queens, NY,20004,21533
36083,Rensselaer, NY,17395,18752
36087,Rockland, NY,20004,21533
36091,Saratoga, NY,5293,17395
36093,Schenectady, NY,5293,17395
36103,Suffolk, NY,20004,21533
36113,Warren, NY,5293,17395
36115,Washington, NY,17395,18752
36119,Westchester, NY,20004,21533
44001,Bristol, RI,17395,18752
44003,Kent, RI,17395,18752
44005,Newport, RI,18752,20004
44007,Providence, RI,18752,20004
44009,Washington, RI,5293,17395
50001,Addison, VT,5293,17395
50003,Bennington, VT,17395,18752
50005,Caledonia, VT,17395,18752
50007,Chittenden, VT,5293,17395
50015,Lamoille, VT,5293,17395
50017,Orange, VT,20004,21533
50021,Rutland, VT,18752,20004
50023,Washington, VT,17395,18752
50025,Windham, VT,18752,20004
50027,Windsor, VT,20004,21533
23003,Aroostook, ME,17395,18752
23007,Franklin, ME,5293,17395
23009,Hancock, ME,18752,20004
23019,Penobscot, ME,18752,20004
23021,Piscataquis, ME,18752,20004
23025,Somerset, ME,17395,18752
23029,Washington, ME,20004,21533
26001,Alcona, MI,5293,17395
26003,Alger, MI,17395,18752
26007,Alpena, MI,20004,21533
26009,Antrim, MI,5293,17395
26013,Baraga, MI,5293,17395
26029,Charlevoix, MI,17395,18752
26031,Cheboygan, MI,17395,18752
26033,Chippewa, MI,17395,18752
26039,Crawford, MI,18752,20004
26041,Delta, MI,17395,18752
26043,Dickinson, MI,17395,18752
26047,Emmet, MI,5293,17395
26053,Gogebic, MI,17395,18752
26055,Grand Traverse, MI,17395,18752
26061,Houghton, MI,17395,18752
26071,Iron, MI,18752,20004
26079,Kalkaska, MI,17395,18752
26083,Keweenaw, MI,18752,20004
26089,Leelanau, MI,5293,17395
26095,Luce, MI,21533,36976
26097,Mackinac, MI,5293,17395
26103,Marquette, MI,5293,17395
26109,Menominee, MI,17395,18752
26119,Montmorency, MI,5293,17395
26131,Ontonagon, MI,5293,17395
26135,Oscoda, MI,21533,36976
26137,Otsego, MI,17395,18752
26141,Presque Isle, MI,5293,17395
26153,Schoolcraft, MI,20004,21533
27001,Aitkin, MN,18752,20004
27003,Anoka, MN,18752,20004
27017,Carlton, MN,20004,21533
27025,Chisago, MN,20004,21533
27031,Cook, MN,5293,17395
27037,Dakota, MN,17395,18752
27053,Hennepin, MN,18752,20004
27059,Isanti, MN,17395,18752
27065,Kanabec, MN,17395,18752
27075,Lake, MN,18752,20004
27095,Mille Lacs, MN,18752,20004
27115,Pine, MN,20004,21533
27123,Ramsey, MN,18752,20004
27137,St. Louis, MN,17395,18752
27139,Scott, MN,18752,20004
27163,Washington, MN,17395,18752
33007,Coos, NH,18752,20004
36019,Clinton, NY,17395,18752
50009,Essex, VT,17395,18752
50011,Franklin, VT,5293,17395
50013,Grand Isle, VT,5293,17395
50019,Orleans, VT,17395,18752
55003,Ashland, WI,18752,20004
55005,Barron, WI,21533,36976
55007,Bayfield, WI,20004,21533
55013,Burnett, WI,21533,36976
55017,Chippewa, WI,5293,17395
55019,Clark, WI,18752,20004
55029,Door, WI,5293,17395
55031,Douglas, WI,21533,36976
55033,Dunn, WI,18752,20004
55035,Eau Claire, WI,5293,17395
55037,Florence, WI,17395,18752
55041,Forest, WI,5293,17395
55051,Iron, WI,17395,18752
55067,Langlade, WI,18752,20004
55069,Lincoln, WI,5293,17395
55073,Marathon, WI,5293,17395
55075,Marinette, WI,5293,17395
55078,Menominee, WI,20004,21533
55083,Oconto, WI,5293,17395
55085,Oneida, WI,5293,17395
55093,Pierce, WI,18752,20004
55095,Polk, WI,20004,21533
55099,Price, WI,17395,18752
55107,Rusk, WI,17395,18752
55109,St. Croix, WI,20004,21533
55113,Sawyer, WI,5293,17395
55115,Shawano, WI,17395,18752
55119,Taylor, WI,18752,20004
55125,Vilas, WI,5293,17395
55129,Washburn, WI,18752,20004
60000,American Samoa, AS,,
66010,Guam, GU,5293,17395
69000,Mariana Islands, MP,,
72001,Adjuntas, PR,5293,17395
72003,Aguada, PR,5293,17395
72005,Aguadilla, PR,5293,17395
72007,Aguas Buenas, PR,5293,17395
72009,Aibonito, PR,5293,17395
72011,Anasco, PR,5293,17395
72013,Arecibo, PR,5293,17395
72015,Arroyo, PR,5293,17395
72017,Barceloneta, PR,5293,17395
72019,Barranquitas, PR,5293,17395
72021,Bayamon, PR,5293,17395
72023,Cabo Rojo, PR,5293,17395
72025,Caguas, PR,5293,17395
72027,Camuy, PR,5293,17395
72029,Canovanas, PR,5293,17395
72031,Carolina, PR,5293,17395
72033,Catano, PR,5293,17395
72035,Cayey, PR,5293,17395
72037,Ceiba, PR,5293,17395
72039,Ciales, PR,5293,17395
72041,Cidra, PR,5293,17395
72043,Coamo, PR,5293,17395
72045,Comerio, PR,5293,17395
72047,Corozal, PR,5293,17395
72049,Culebra, PR,,
72051,Dorado, PR,5293,17395
72053,Fajardo, PR,5293,17395
72054,Florida, PR,5293,17395
72055,Guanica, PR,5293,17395
72057,Guayama, PR,5293,17395
72059,Guayanilla, PR,5293,17395
72061,Guaynabo, PR,5293,17395
72063,Gurabo, PR,5293,17395
72065,Hatillo, PR,5293,17395
72067,Hormigueros, PR,5293,17395
72069,Humacao, PR,5293,17395
72071,Isabela, PR,5293,17395
72073,Jayuya, PR,5293,17395
72075,Juana Diaz, PR,5293,17395
72077,Juncos, PR,5293,17395
72079,Lajas, PR,5293,17395
72081,Lares, PR,5293,17395
72083,Las Marias, PR,,
72085,Las Piedras, PR,5293,17395
72087,Loiza, PR,5293,17395
72089,Luquillo, PR,5293,17395
72091,Manati, PR,5293,17395
72093,Maricao, PR,,
72095,Maunabo, PR,5293,17395
72097,Mayaguez, PR,5293,17395
72099,Moca, PR,5293,17395
72101,Morovis, PR,5293,17395
72103,Naguabo, PR,5293,17395
72105,Naranjito, PR,5293,17395
72107,Orocovis, PR,5293,17395
72109,Patillas, PR,5293,17395
72111,Penuelas, PR,5293,17395
72113,Ponce, PR,5293,17395
72115,Quebradillas, PR,5293,17395
72117,Rincon, PR,17395,18752
72119,Rio Grande, PR,5293,17395
72121,Sabana Grande, PR,5293,17395
72123,Salinas, PR,5293,17395
72125,San German, PR,5293,17395
72127,San Juan, PR,5293,17395
72129,San Lorenzo, PR,5293,17395
72131,San Sebastian, PR,5293,17395
72133,Santa Isabel, PR,17395,18752
72135,Toa Alta, PR,5293,17395
72137,Toa Baja, PR,5293,17395
72139,Trujillo Alto, PR,5293,17395
72141,Utuado, PR,5293,17395
72143,Vega Alta, PR,5293,17395
72145,Vega Baja, PR,5293,17395
72147,Vieques, PR,5293,17395
72149,Villalba, PR,17395,18752
72151,Yabucoa, PR,5293,17395
72153,Yauco, PR,5293,17395
78010,Saint Croix , VI,20004,21533
78020,Saint John , VI,17395,18752
78030,Saint Thomas , VI,5293,17395
